Standard,,,,,,,,,,,,Expected,,,,,,,,,,,,
Rk,Player,Nation,Pos,Squad,Age,Born,90s,Gls,Sh,SoT,SoT%,Sh/90,SoT/90,G/Sh,G/SoT,Dist,FK,PK,PKatt,"xG
▼",npxG,npxG/Sh,G-xG,np:G-xG
1,Folarin Balogun,us USA,FW,Reims,21,2001,33.3,21,121,50,41.3,3.63,1.5,0.12,0.3,15.2,2,6,7,26.6,21,0.18,-5.6,-6
2,Kylian Mbappé,fr FRA,FW,Paris S-G,23,1998,31.3,29,144,73,50.7,4.6,2.33,0.18,0.36,15.9,1,3,5,26.3,22.2,0.15,2.7,3.8
3,Alexandre Lacazette,fr FRA,FW,Lyon,31,1991,32.5,27,107,47,43.9,3.29,1.44,0.2,0.45,14.4,8,6,8,24.1,17.8,0.17,2.9,3.2
4,Jonathan David,ca CAN,FW,Lille,22,2000,35.2,24,95,44,46.3,2.7,1.25,0.15,0.32,15.8,0,10,11,23.6,15.1,0.16,0.4,-1.1
5,Loïs Openda,be BEL,FW,Lens,22,2000,28,21,103,49,47.6,3.68,1.75,0.19,0.41,13.1,0,1,1,18.4,17.6,0.17,2.6,2.4
6,Habib Diallo,sn SEN,FW,Strasbourg,27,1995,32,20,90,36,40,2.81,1.13,0.19,0.47,13,1,3,4,17.8,14.5,0.17,2.2,2.5
7,Wissam Ben Yedder,fr FRA,FW,Monaco,31,1990,23.5,19,66,36,54.5,2.81,1.53,0.21,0.39,14.2,3,5,6,17.4,12.7,0.19,1.6,1.3
8,Lionel Messi,ar ARG,"FW,MF",Paris S-G,35,1987,31.5,16,129,55,42.6,4.09,1.74,0.12,0.29,18.3,20,0,0,15.5,15.5,0.12,0.5,0.5
9,Alexis Sánchez,cl CHI,"FW,MF",Marseille,33,1988,29.8,14,63,29,46,2.12,0.97,0.19,0.41,15.2,5,2,3,12.6,10.2,0.17,1.4,1.8
10,Elye Wahi,fr FRA,FW,Montpellier,19,2003,27.9,19,62,36,58.1,2.22,1.29,0.29,0.5,14.5,1,1,1,12.2,11.4,0.18,6.8,6.6
11,Gaëtan Laborde,fr FRA,FW,Nice,28,1994,27.8,13,74,39,52.7,2.66,1.4,0.18,0.33,15.7,1,0,1,11.8,11,0.15,1.2,2
12,Grejohn Kyei,fr FRA,FW,Clermont Foot,26,1995,24.8,10,54,19,35.2,2.18,0.77,0.11,0.32,17.5,0,4,6,11.7,7,0.13,-1.7,-1
13,Zakaria Aboukhlal,ma MAR,"FW,MF",Toulouse,22,2000,27.5,10,83,30,36.1,3.02,1.09,0.12,0.33,15.9,0,0,0,11.5,11.5,0.14,-1.5,-1.5
14,Amine Gouiri,fr FRA,"FW,MF",Rennes,22,2000,28,15,74,30,40.5,2.64,1.07,0.2,0.5,13.6,0,0,0,11.1,11.1,0.15,3.9,3.9
15,Mama Samba Baldé,gw GNB,FW,Troyes,26,1995,29.6,12,73,24,32.9,2.47,0.81,0.14,0.42,17.1,0,2,2,10.6,9.1,0.12,1.4,0.9
16,Florian Sotoca,fr FRA,"MF,FW",Lens,31,1990,33.9,7,86,29,33.7,2.53,0.85,0.07,0.21,15.6,0,1,3,10.5,8.1,0.09,-3.5,-2.1
17,Thijs Dallinga,nl NED,FW,Toulouse,21,2000,26.1,12,61,30,49.2,2.33,1.15,0.2,0.4,12.1,0,0,0,9.8,9.8,0.16,2.2,2.2
18,Marshall Munetsi,zw ZIM,MF,Reims,26,1996,30,7,68,23,33.8,2.27,0.77,0.1,0.3,16.1,0,0,0,9.4,9.4,0.14,-2.4,-2.4
19,Ludovic Blas,fr FRA,"MF,FW",Nantes,24,1997,31.3,7,95,32,33.7,3.04,1.02,0.05,0.16,21.5,4,2,4,9.3,6.4,0.07,-2.3,-1.4
20,Seko Fofana,ci CIV,MF,Lens,27,1995,34.1,7,82,22,26.8,2.4,0.64,0.07,0.27,19.9,0,1,2,9.3,7.7,0.09,-2.3,-1.7
21,Benjamin Bourigeaud,fr FRA,"MF,FW",Rennes,28,1994,34.1,7,71,19,26.8,2.08,0.56,0.07,0.26,20,10,2,2,8.7,7.1,0.1,-1.7,-2.1
22,Téji Savanier,fr FRA,MF,Montpellier,30,1991,28.3,12,58,24,41.4,2.05,0.85,0.1,0.25,27,19,6,6,8.6,3.8,0.07,3.4,2.2
23,Breel Embolo,ch SUI,FW,Monaco,25,1997,20.7,12,40,20,50,1.94,0.97,0.3,0.6,10.9,0,0,1,8.5,7.6,0.19,3.5,4.4
24,Jérémy Le Douaron,fr FRA,"MF,FW",Brest,24,1998,23,10,55,23,41.8,2.39,1,0.18,0.43,11.1,0,0,0,8.4,8.4,0.16,1.6,1.6
25,Rémy Cabella,fr FRA,"MF,FW",Lille,32,1990,28.1,7,42,23,54.8,1.5,0.82,0.17,0.3,14.1,8,0,0,8.3,8.3,0.2,-1.3,-1.3
26,Terem Moffi,ng NGA,FW,Nice,23,1999,14.8,6,44,18,40.9,2.98,1.22,0.14,0.33,14.9,0,0,0,8.3,8.3,0.19,-2.3,-2.3
27,Cengiz Ünder,tr TUR,"MF,DF",Marseille,25,1997,27.7,5,70,23,32.9,2.53,0.83,0.06,0.17,17.1,2,1,1,8.3,7.5,0.11,-3.3,-3.5
28,Jonathan Bamba,ci CIV,FW,Lille,26,1996,30.9,6,71,28,39.4,2.3,0.91,0.08,0.21,15.5,0,0,0,8.2,8.2,0.12,-2.2,-2.2
29,Neymar,br BRA,"MF,FW",Paris S-G,30,1992,17.2,13,36,18,50,2.1,1.05,0.31,0.61,16.8,6,2,2,8.1,6.5,0.18,4.9,4.5
30,Nicolas Pépé,ci CIV,"FW,MF",Nice,27,1995,16.6,6,46,17,37,2.77,1.02,0.07,0.18,17.6,2,3,3,8.1,5.8,0.13,-2.1,-2.8
31,Kévin Gameiro,fr FRA,FW,Strasbourg,35,1987,23.3,10,44,22,50,1.89,0.94,0.2,0.41,13,0,1,2,8,6.3,0.14,2,2.7
32,Arnaud Kalimuendo,fr FRA,FW,Rennes,20,2002,20.5,7,43,21,48.8,2.09,1.02,0.16,0.33,14,0,0,0,7.5,7.5,0.18,-0.5,-0.5
33,Terem Moffi,ng NGA,FW,Lorient,23,1999,15.4,12,33,18,54.5,2.14,1.17,0.33,0.61,13.6,0,1,2,7.3,5.7,0.17,4.7,5.3
34,Mostafa Mohamed,eg EGY,FW,Nantes,24,1997,21.5,8,58,24,41.4,2.69,1.11,0.14,0.33,14.2,0,0,0,7.3,7.3,0.13,0.7,0.7
35,Steve Mounié,bj BEN,FW,Brest,27,1994,18.4,6,58,19,32.8,3.15,1.03,0.09,0.26,14.9,0,1,1,7.3,6.5,0.12,-1.3,-1.5
36,Mounaim El Idrissy,fr FRA,FW,Ajaccio,23,1999,27.7,6,50,19,38,1.8,0.68,0.12,0.32,14.6,0,0,0,7.2,7.2,0.14,-1.2,-1.2
37,M'Baye Niang,sn SEN,FW,Auxerre,27,1994,16.5,6,36,12,33.3,2.19,0.73,0.08,0.25,13.5,0,3,3,7.2,4.9,0.14,-1.2,-1.9
38,Adrien Hunou,fr FRA,"MF,FW",Angers,28,1994,24.8,4,45,18,40,1.81,0.73,0.09,0.22,13.2,0,0,0,6.5,6.5,0.14,-2.5,-2.5
39,Arnaud Nordin,fr FRA,FW,Montpellier,24,1998,26.7,9,59,24,40.7,2.21,0.9,0.15,0.38,16.1,0,0,0,6.5,6.5,0.11,2.5,2.5
40,Youcef Belaïli,dz ALG,"MF,FW",Ajaccio,30,1992,12.8,6,27,9,33.3,2.11,0.7,0.04,0.11,24.8,4,5,6,6.2,1.8,0.07,-0.2,-0.8
41,Romain Del Castillo,fr FRA,"MF,FW",Brest,26,1996,15.8,6,31,11,35.5,1.96,0.7,0.03,0.09,20.7,3,5,5,6.2,2.3,0.07,-0.2,-1.3
42,Muhammed Cham,at AUT,MF,Clermont Foot,21,2000,21.9,7,51,19,37.3,2.33,0.87,0.1,0.26,20.6,7,2,2,6,4.4,0.09,1,0.6
43,Branco van den Boomen,nl NED,MF,Toulouse,27,1995,32.1,5,48,20,41.7,1.5,0.62,0.02,0.05,25.1,16,4,4,6,2.9,0.06,-1,-1.9
44,Fares Chaïbi,dz ALG,"FW,MF",Toulouse,19,2002,26,5,63,25,39.7,2.42,0.96,0.08,0.2,16.8,2,0,0,5.9,5.9,0.09,-0.9,-0.9
45,Junya Ito,jp JPN,FW,Reims,29,1993,32.4,6,42,17,40.5,1.3,0.52,0.14,0.35,15.3,0,0,0,5.7,5.7,0.14,0.3,0.3
46,Ibrahima Koné,ml MLI,FW,Lorient,23,1999,17.5,7,28,13,46.4,1.6,0.74,0.18,0.38,16.1,0,2,3,5.6,3.2,0.12,1.4,1.8
47,Martin Terrier,fr FRA,"FW,MF",Rennes,25,1997,14.7,9,47,27,57.4,3.21,1.84,0.19,0.33,15.2,0,0,0,5.6,5.6,0.12,3.4,3.4
48,Komnen Andrić,rs SRB,FW,Clermont Foot,27,1995,16.1,4,28,11,39.3,1.74,0.68,0.11,0.27,14.4,0,1,2,5.5,3.9,0.14,-1.5,-0.9
49,Andy Delort,dz ALG,FW,Nice,30,1991,8.7,6,23,8,34.8,2.65,0.92,0.13,0.38,16.4,1,3,3,5.4,3,0.13,0.6,0
50,Aleksandr Golovin,ru RUS,"MF,FW",Monaco,26,1996,27.4,8,49,25,51,1.79,0.91,0.16,0.32,19,2,0,0,5.3,5.3,0.11,2.7,2.7
51,Dango Ouattara,bf BFA,"FW,MF",Lorient,20,2002,17.2,6,52,17,32.7,3.02,0.99,0.12,0.35,16.6,4,0,0,5.2,5.2,0.1,0.8,0.8
52,Saîf-Eddine Khaoui,tn TUN,MF,Clermont Foot,27,1995,22.5,7,47,22,46.8,2.09,0.98,0.15,0.32,21.5,6,0,0,5.1,5.1,0.11,1.9,1.9
53,Rafael Ratão,br BRA,"FW,MF",Toulouse,26,1995,20.6,5,31,11,35.5,1.51,0.53,0.16,0.45,12.4,0,0,0,5.1,5.1,0.17,-0.1,-0.1
54,Rayan Cherki,fr FRA,"MF,FW",Lyon,18,2003,20.8,4,61,21,34.4,2.93,1.01,0.07,0.19,18.7,3,0,0,4.9,4.9,0.08,-0.9,-0.9
55,Bamba Dieng,sn SEN,FW,Lorient,22,2000,8.3,3,21,7,33.3,2.53,0.84,0.1,0.29,16,0,1,1,4.9,4.1,0.23,-1.9,-2.1
56,Rony Lopes,pt POR,"MF,FW",Troyes,26,1995,26.1,7,57,20,35.1,2.19,0.77,0.12,0.35,19.3,5,0,0,4.9,4.9,0.09,2.1,2.1
57,Franck Honorat,fr FRA,"FW,MF",Brest,25,1996,28.2,6,47,17,36.2,1.67,0.6,0.13,0.35,18.1,4,0,0,4.8,4.8,0.1,1.2,1.2
58,Abdallah Sima,sn SEN,FW,Angers,21,2001,20.4,5,39,10,25.6,1.91,0.49,0.13,0.5,12.7,0,0,0,4.8,4.8,0.12,0.2,0.2
59,Elba Rashani,xk KVX,"MF,FW",Clermont Foot,29,1993,24,3,35,13,37.1,1.46,0.54,0.09,0.23,14.4,0,0,0,4.7,4.7,0.13,-1.7,-1.7
60,Nuno da Costa,cv CPV,"FW,MF",Auxerre,31,1991,22.3,5,39,14,35.9,1.75,0.63,0.13,0.36,15.7,0,0,0,4.6,4.6,0.12,0.4,0.4
61,Krépin Diatta,sn SEN,"MF,FW",Monaco,23,1999,23,4,40,18,45,1.74,0.78,0.1,0.22,15.2,0,0,0,4.6,4.6,0.12,-0.6,-0.6
62,Angel Gomes,eng ENG,MF,Lille,21,2000,31.3,2,55,17,30.9,1.76,0.54,0.02,0.06,23.2,4,1,1,4.6,3.8,0.07,-2.6,-2.8
63,Moses Simon,ng NGA,"FW,MF",Nantes,27,1995,26.1,5,32,9,28.1,1.23,0.35,0.13,0.44,18.3,1,1,1,4.6,3.6,0.11,0.4,0.4
64,Nuno Tavares,pt POR,"DF,MF",Marseille,22,2000,26.1,6,65,17,26.2,2.49,0.65,0.09,0.35,19.4,0,0,0,4.5,4.5,0.07,1.5,1.5
65,Arthur Theate,be BEL,DF,Rennes,22,2000,34.7,4,31,10,32.3,0.89,0.29,0.13,0.4,11.9,0,0,0,4.5,4.5,0.15,-0.5,-0.5
66,Karl Toko Ekambi,cm CMR,"FW,MF",Lyon,29,1992,15,4,41,19,46.3,2.73,1.26,0.1,0.21,14.7,0,0,0,4.4,4.4,0.11,-0.4,-0.4
67,Ross Barkley,eng ENG,"MF,FW",Nice,28,1993,10.7,4,38,17,44.7,3.56,1.59,0.11,0.24,19.7,3,0,0,4.3,4.3,0.11,-0.3,-0.3
68,Stephy Mavididi,eng ENG,FW,Montpellier,24,1998,14.3,4,37,15,40.5,2.59,1.05,0.11,0.27,16.8,0,0,0,4.3,4.3,0.12,-0.3,-0.3
69,Jonathan Clauss,fr FRA,DF,Marseille,29,1992,28.8,2,48,12,25,1.67,0.42,0.04,0.17,17.5,0,0,0,4.2,4.2,0.09,-2.2,-2.2
70,Przemysław Frankowski,pl POL,"DF,MF",Lens,27,1995,31.5,5,28,6,21.4,0.89,0.19,0.07,0.33,22.1,2,3,3,4.2,1.8,0.06,0.8,0.2
71,Tetê,br BRA,"FW,MF",Lyon,22,2000,12.3,6,30,13,43.3,2.44,1.06,0.2,0.46,16.5,1,0,0,4.2,4.2,0.14,1.8,1.8
72,Wahbi Khazri,tn TUN,"FW,MF",Montpellier,31,1991,18.2,4,38,16,42.1,2.09,0.88,0.11,0.25,22.2,0,0,0,4.1,4.1,0.11,-0.1,-0.1
73,Sead Kolašinac,ba BIH,DF,Marseille,29,1993,24.6,4,22,9,40.9,0.89,0.37,0.18,0.44,9.7,0,0,0,4.1,4.1,0.19,-0.1,-0.1
74,Vitinha,pt POR,FW,Marseille,22,2000,5.2,2,25,9,36,4.85,1.75,0.08,0.22,12.6,0,0,0,4,4,0.16,-2,-2
75,Alexis Flips,fr FRA,"FW,MF",Reims,22,2000,22,4,53,20,37.7,2.41,0.91,0.08,0.2,24.1,9,0,0,3.9,3.9,0.07,0.1,0.1
76,Gauthier Hein,fr FRA,"MF,FW",Auxerre,25,1996,20.8,2,38,10,26.3,1.82,0.48,0.05,0.2,19.3,2,0,0,3.9,3.9,0.1,-1.9,-1.9
77,Jordan Veretout,fr FRA,MF,Marseille,29,1993,31.8,4,30,9,30,0.94,0.28,0.1,0.33,20.5,1,1,1,3.9,3.1,0.1,0.1,-0.1
78,Moussa Dembélé,fr FRA,"FW,MF",Lyon,26,1996,9.7,3,28,13,46.4,2.87,1.33,0.11,0.23,13.3,0,0,0,3.8,3.8,0.14,-0.8,-0.8
79,Axel Disasi,fr FRA,DF,Monaco,24,1998,37,3,28,9,32.1,0.76,0.24,0.11,0.33,15.4,0,0,1,3.8,3,0.11,-0.8,0
80,Achraf Hakimi,ma MAR,"DF,MF",Paris S-G,23,1998,22.8,5,18,9,50,0.79,0.39,0.28,0.56,14.9,0,0,0,3.8,3.8,0.21,1.2,1.2
81,Kamory Doumbia,ml MLI,MF,Reims,19,2003,12.8,2,25,9,36,1.95,0.7,0.04,0.11,19.8,0,1,1,3.7,2.9,0.12,-1.7,-1.9
82,Hugo Ekitike,fr FRA,FW,Paris S-G,20,2002,12.8,3,34,12,35.3,2.65,0.94,0.09,0.25,14.8,0,0,0,3.7,3.7,0.11,-0.7,-0.7
83,Ignatius Ganago,cm CMR,"FW,MF",Nantes,23,1999,16.9,5,33,14,42.4,1.95,0.83,0.15,0.36,13,0,0,0,3.7,3.7,0.11,1.3,1.3
84,Matthis Abline,fr FRA,"FW,MF",Auxerre,19,2003,9,2,24,8,33.3,2.68,0.89,0.04,0.13,20.6,0,1,2,3.6,2,0.08,-1.6,-1
85,Sofiane Boufal,ma MAR,"FW,MF",Angers,28,1993,9.3,4,21,9,42.9,2.27,0.97,0.1,0.22,20.8,4,2,2,3.6,2.1,0.1,0.4,-0.1
86,Karl Toko Ekambi,cm CMR,"FW,MF",Rennes,29,1992,10.8,3,22,7,31.8,2.04,0.65,0.14,0.43,13.4,0,0,0,3.6,3.6,0.16,-0.6,-0.6
87,Edon Zhegrova,xk KVX,"FW,MF",Lille,23,1999,11.7,3,42,14,33.3,3.58,1.19,0.07,0.21,18.4,1,0,0,3.6,3.6,0.09,-0.6,-0.6
88,Bradley Barcola,fr FRA,"FW,MF",Lyon,19,2002,16,5,27,13,48.1,1.69,0.81,0.19,0.38,13.6,0,0,0,3.5,3.5,0.13,1.5,1.5
89,Enzo Le Fée,fr FRA,MF,Lorient,22,2000,33.6,5,45,18,40,1.34,0.54,0.11,0.28,23.4,8,0,0,3.5,3.5,0.08,1.5,1.5
90,Renaud Ripart,fr FRA,"FW,MF",Troyes,29,1993,14.7,4,39,14,35.9,2.66,0.95,0.1,0.29,16,0,0,0,3.5,3.5,0.09,0.5,0.5
91,Ludovic Ajorque,fr FRA,FW,Strasbourg,28,1994,8.6,1,22,7,31.8,2.57,0.82,0,0,15.1,1,1,1,3.4,2.6,0.12,-2.4,-2.6
92,Ibrahima Niane,sn SEN,FW,Angers,23,1999,12.6,2,26,11,42.3,2.06,0.87,0.08,0.18,13.7,0,0,0,3.4,3.4,0.13,-1.4,-1.4
93,Mattéo Guendouzi,fr FRA,MF,Marseille,23,1999,23.4,2,24,5,20.8,1.02,0.21,0.04,0.2,16.4,0,1,1,3.3,2.5,0.11,-1.3,-1.5
94,Lovro Majer,hr CRO,"MF,FW",Rennes,24,1998,18.5,2,33,11,33.3,1.78,0.59,0.03,0.09,20.4,5,1,1,3.3,2.5,0.08,-1.3,-1.5
95,Faitout Maouassa,fr FRA,"FW,DF",Montpellier,24,1998,21.4,5,34,12,35.3,1.59,0.56,0.15,0.42,20.1,1,0,0,3.3,3.3,0.1,1.7,1.7
96,Anthony Rouault,fr FRA,DF,Toulouse,21,2001,36.8,2,19,10,52.6,0.52,0.27,0.11,0.2,9,0,0,0,3.3,3.3,0.17,-1.3,-1.3
97,Wesley Saïd,fr FRA,"FW,MF",Lens,27,1995,7.2,5,27,10,37,3.77,1.4,0.19,0.5,14.5,0,0,0,3.3,3.3,0.12,1.7,1.7
98,Nabil Bentaleb,dz ALG,MF,Angers,27,1994,27.7,4,39,13,33.3,1.41,0.47,0.05,0.15,27.5,8,2,2,3.2,1.6,0.04,0.8,0.4
99,Mohamed Lamine Bayo,gn GUI,"FW,MF",Lille,24,1998,7.2,4,22,10,45.5,3.04,1.38,0.18,0.4,10.4,0,0,0,3.2,3.2,0.15,0.8,0.8
100,Lassine Sinayoko,ml MLI,"MF,FW",Auxerre,22,1999,17.4,1,42,13,31,2.41,0.75,0.02,0.08,17.3,0,0,0,3.2,3.2,0.08,-2.2,-2.2
101,Khéphren Thuram,fr FRA,MF,Nice,21,2001,28.3,2,38,9,23.7,1.34,0.32,0.05,0.22,18.4,0,0,0,3.2,3.2,0.08,-1.2,-1.2
102,Neto Borges,br BRA,DF,Clermont Foot,25,1996,31.5,3,23,7,30.4,0.73,0.22,0.13,0.43,14.6,0,0,0,3.1,3.1,0.13,-0.1,-0.1
103,Jubal,br BRA,DF,Auxerre,28,1993,35.7,3,18,5,27.8,0.5,0.14,0.11,0.4,11.6,0,1,1,3.1,2.3,0.13,-0.1,-0.3
104,Chancel Mbemba,cd COD,DF,Marseille,27,1994,31.7,5,27,9,33.3,0.85,0.28,0.19,0.56,11,0,0,0,3.1,3.1,0.11,1.9,1.9
105,Morgan Sanson,fr FRA,MF,Strasbourg,27,1994,15.8,1,32,8,25,2.03,0.51,0.03,0.13,19.7,1,0,0,3.1,3.1,0.1,-2.1,-2.1
106,Alan Virginius,fr FRA,FW,Lille,19,2003,2.9,1,12,5,41.7,4.19,1.74,0.08,0.2,14.4,0,0,0,3.1,3.1,0.26,-2.1,-2.1
107,Romain Hamouma,fr FRA,"FW,MF",Ajaccio,35,1987,12,2,16,6,37.5,1.33,0.5,0.13,0.33,15.3,1,0,0,3,3,0.19,-1,-1
108,Dimitri Payet,fr FRA,"MF,FW",Marseille,35,1987,9.3,4,27,7,25.9,2.91,0.75,0.11,0.43,20.6,1,1,1,3,2.2,0.08,1,0.8
109,Gaëtan Perrin,fr FRA,"MF,FW",Auxerre,26,1996,15.5,3,26,9,34.6,1.68,0.58,0.08,0.22,21.2,0,1,1,3,2.2,0.08,0,-0.2
110,Amine Salama,fr FRA,"FW,MF",Angers,22,2000,13.9,3,25,11,44,1.8,0.79,0.12,0.27,15.2,1,0,0,3,3,0.12,0,0
111,Adrien Thomasson,fr FRA,"MF,FW",Lens,28,1993,14.2,5,21,9,42.9,1.48,0.63,0.24,0.56,14.5,0,0,0,3,3,0.14,2,2
112,Vitinha,pt POR,MF,Paris S-G,22,2000,27.2,2,31,11,35.5,1.14,0.4,0.06,0.18,20.5,0,0,0,3,3,0.1,-1,-1
113,Florian Tardieu,fr FRA,MF,Troyes,30,1992,11.2,3,10,2,20,0.89,0.18,0,0,29.8,1,3,3,2.9,0.5,0.05,0.1,-0.5
114,David Pereira da Costa,pt POR,"MF,FW",Lens,21,2001,15.6,1,26,7,26.9,1.66,0.45,0.04,0.14,17.6,3,0,0,2.8,2.8,0.11,-1.8,-1.8
115,Youssouf Fofana,fr FRA,MF,Monaco,23,1999,34.3,2,42,10,23.8,1.22,0.29,0.05,0.2,22.9,1,0,0,2.8,2.8,0.07,-0.8,-0.8
116,Jackson Porozo,ec ECU,DF,Troyes,21,2000,18,2,22,9,40.9,1.22,0.5,0.09,0.22,12.7,0,0,0,2.8,2.8,0.13,-0.8,-0.8
117,Fabián Ruiz Peña,es ESP,MF,Paris S-G,26,1996,21,3,26,9,34.6,1.24,0.43,0.12,0.33,18.2,0,0,0,2.8,2.8,0.11,0.2,0.2
118,Jeremy Doku,be BEL,"MF,FW",Rennes,20,2002,14.3,6,26,12,46.2,1.81,0.84,0.23,0.5,15.7,0,0,0,2.7,2.7,0.1,3.3,3.3
119,Romain Faivre,fr FRA,"MF,FW",Lorient,24,1998,13.8,5,25,14,56,1.81,1.01,0.2,0.36,17,0,0,0,2.7,2.7,0.11,2.3,2.3
120,Jean-Ricner Bellegarde,fr FRA,"MF,FW",Strasbourg,24,1998,26.9,2,38,13,34.2,1.41,0.48,0.05,0.15,22.2,11,0,0,2.6,2.6,0.07,-0.6,-0.6
121,Myron Boadu,nl NED,FW,Monaco,21,2001,3.3,3,7,5,71.4,2.14,1.53,0.43,0.6,11.5,0,0,0,2.6,2.6,0.37,0.4,0.4
122,Maxence Caqueret,fr FRA,MF,Lyon,22,2000,30.7,4,26,13,50,0.85,0.42,0.15,0.31,19.1,3,0,0,2.6,2.6,0.1,1.4,1.4
123,Alexis Claude-Maurice,fr FRA,"MF,FW",Lens,24,1998,6.7,5,14,9,64.3,2.09,1.34,0.36,0.56,16.6,0,0,0,2.6,2.6,0.19,2.4,2.4
124,Brecht Dejaegere,be BEL,MF,Toulouse,31,1991,20.1,4,23,7,30.4,1.14,0.35,0.17,0.57,14.6,0,0,0,2.6,2.6,0.11,1.4,1.4
125,Sofiane Diop,fr FRA,"MF,FW",Nice,22,2000,13.6,1,28,9,32.1,2.05,0.66,0.04,0.11,20,1,0,0,2.6,2.6,0.09,-1.6,-1.6
126,Samuel Gigot,fr FRA,DF,Marseille,28,1993,20.9,2,12,3,25,0.57,0.14,0.17,0.67,8,0,0,0,2.6,2.6,0.21,-0.6,-0.6
127,Evann Guessand,fr FRA,"FW,MF",Nantes,21,2001,14,3,22,12,54.5,1.57,0.86,0.14,0.25,12.1,0,0,0,2.6,2.6,0.12,0.4,0.4
128,Facundo Medina,ar ARG,DF,Lens,23,1999,30.9,2,18,4,22.2,0.58,0.13,0.11,0.5,13.9,0,0,0,2.6,2.6,0.14,-0.6,-0.6
129,Wilson Odobert,fr FRA,"MF,FW",Troyes,17,2004,19.6,4,27,14,51.9,1.38,0.71,0.15,0.29,18,0,0,0,2.6,2.6,0.1,1.4,1.4
130,Jim Allevinah,ga GAB,"DF,FW",Clermont Foot,27,1995,24.9,1,30,8,26.7,1.2,0.32,0.03,0.13,16.9,0,0,0,2.5,2.5,0.08,-1.5,-1.5
131,Mathias Autret,fr FRA,"MF,FW",Auxerre,31,1991,14.3,2,23,11,47.8,1.6,0.77,0.04,0.09,25.4,1,1,1,2.5,1.7,0.07,-0.5,-0.7
132,Mahdi Camara,fr FRA,MF,Brest,24,1998,20.2,2,24,7,29.2,1.19,0.35,0.08,0.29,16.3,0,0,0,2.5,2.5,0.11,-0.5,-0.5
133,Kevin Danso,at AUT,DF,Lens,23,1998,35.9,1,24,4,16.7,0.67,0.11,0.04,0.25,14.9,0,0,0,2.5,2.4,0.1,-1.5,-1.4
134,Andy Delort,dz ALG,FW,Nantes,30,1991,5.2,0,18,10,55.6,3.45,1.92,0,0,16.1,2,0,0,2.5,2.5,0.14,-2.5,-2.5
135,Valère Germain,fr FRA,"FW,MF",Montpellier,32,1990,7.6,2,19,6,31.6,2.49,0.78,0.11,0.33,12.7,0,0,0,2.5,2.5,0.13,-0.5,-0.5
136,Aaron Ramsey,wls WAL,MF,Nice,31,1990,17.6,1,22,6,27.3,1.25,0.34,0.05,0.17,15.3,1,0,0,2.5,2.5,0.11,-1.5,-1.5
137,Islam Slimani,dz ALG,FW,Brest,34,1988,11,1,14,2,14.3,1.28,0.18,0.07,0.5,14.1,0,0,1,2.5,1.7,0.12,-1.5,-0.7
138,Timothy Weah,us USA,"DF,FW",Lille,22,2000,19.4,0,30,11,36.7,1.54,0.57,0,0,21.6,0,0,0,2.5,2.5,0.08,-2.5,-2.5
139,Yunis Abdelhamid,ma MAR,DF,Reims,34,1987,37,1,32,3,9.4,0.86,0.08,0.03,0.33,15,0,0,0,2.4,2.4,0.07,-1.4,-1.4
140,Luis Javier Suárez,co COL,FW,Marseille,24,1997,3.3,3,16,7,43.8,4.91,2.15,0.19,0.43,12.6,0,0,0,2.4,2.4,0.15,0.6,0.6
141,Riad Nouri,fr FRA,"MF,FW",Ajaccio,37,1985,18.8,1,16,4,25,0.85,0.21,0.06,0.25,16.4,0,0,1,2.4,1.6,0.1,-1.4,-0.6
142,Rayan Raveloson,mg MAD,"DF,MF",Auxerre,25,1997,27,2,29,5,17.2,1.07,0.19,0.07,0.4,19.5,3,0,0,2.4,2.4,0.08,-0.4,-0.4
143,Moussa Sissoko,fr FRA,MF,Nantes,32,1989,21.3,2,17,4,23.5,0.8,0.19,0.12,0.5,16.3,0,0,0,2.4,2.4,0.14,-0.4,-0.4
144,Nicolás Tagliafico,ar ARG,DF,Lyon,29,1992,33.2,1,23,5,21.7,0.69,0.15,0.04,0.2,16.8,0,0,0,2.4,1.9,0.08,-1.4,-0.9
145,Vanderson,br BRA,"DF,MF",Monaco,21,2001,24.6,1,26,8,30.8,1.06,0.33,0.04,0.13,19.5,0,0,0,2.4,2.4,0.09,-1.4,-1.4
146,Ruslan Malinovskyi,ua UKR,"MF,FW",Marseille,29,1993,13.6,1,35,7,20,2.57,0.51,0.03,0.14,24.3,6,0,0,2.3,2.3,0.06,-1.3,-1.3
147,Vincent Marchetti,fr FRA,MF,Ajaccio,25,1997,27.2,0,37,9,24.3,1.36,0.33,0,0,22.8,1,0,0,2.3,2.3,0.06,-2.3,-2.3
148,Adam Ounas,dz ALG,"FW,MF",Lille,25,1996,11.8,1,26,9,34.6,2.2,0.76,0.04,0.11,19.1,3,0,0,2.3,2.3,0.09,-1.3,-1.3
149,Danilo Pereira,pt POR,"DF,MF",Paris S-G,30,1991,26.8,2,22,5,22.7,0.82,0.19,0.09,0.4,12.7,0,0,0,2.3,2.3,0.11,-0.3,-0.3
150,Flavien Tait,fr FRA,MF,Rennes,29,1993,18.7,2,25,6,24,1.34,0.32,0.08,0.33,18.4,0,0,0,2.3,2.3,0.09,-0.3,-0.3
151,Mitchell van Bergen,nl NED,"FW,DF",Reims,22,1999,10.1,0,25,11,44,2.49,1.09,0,0,19.2,0,0,0,2.2,2.2,0.09,-2.2,-2.2
152,Stéphane Diarra,fr FRA,"FW,MF",Lorient,23,1998,11.8,2,20,8,40,1.69,0.68,0.1,0.25,16.2,0,0,0,2.2,2.2,0.11,-0.2,-0.2
153,Lois Diony,fr FRA,FW,Angers,29,1992,5.6,1,12,3,25,2.13,0.53,0.08,0.33,14.5,0,0,0,2.2,2.2,0.18,-1.2,-1.2
154,Ike Ugbo,ca CAN,"FW,MF",Troyes,23,1998,9.9,2,15,5,33.3,1.51,0.5,0.13,0.4,16.2,1,0,0,2.2,2.2,0.15,-0.2,-0.2
155,Massadio Haïdara,ml MLI,"DF,MF",Lens,29,1992,18.6,0,13,0,0,0.7,0,0,,11.6,0,0,0,2.1,2.1,0.16,-2.1,-2.1
156,Pierre Lees-Melou,fr FRA,MF,Brest,29,1993,30.7,5,43,13,30.2,1.4,0.42,0.12,0.38,23.8,2,0,0,2.1,2.1,0.05,2.9,2.9
157,Marquinhos,br BRA,DF,Paris S-G,28,1994,30.2,2,18,4,22.2,0.6,0.13,0.11,0.5,9.2,0,0,0,2.1,2.1,0.11,-0.1,-0.1
158,Mateusz Wieteska,pl POL,DF,Clermont Foot,25,1997,34.6,0,16,5,31.3,0.46,0.14,0,0,8.6,0,0,0,2.1,2.1,0.13,-2.1,-2.1
159,Arber Zeneli,xk KVX,"FW,MF",Reims,27,1995,11.1,0,31,6,19.4,2.79,0.54,0,0,20.8,5,0,0,2.1,2.1,0.07,-2.1,-2.1
160,Cyrille Bayala,bf BFA,MF,Ajaccio,26,1996,22.3,1,22,6,27.3,0.99,0.27,0.05,0.17,15.2,0,0,0,2,2,0.09,-1,-1
161,Christopher Jullien,fr FRA,DF,Montpellier,29,1993,29.9,0,17,2,11.8,0.57,0.07,0,0,8.6,0,0,0,2,2,0.12,-2,-2
162,Thomas Mangani,fr FRA,MF,Ajaccio,35,1987,14.8,1,9,0,0,0.61,0,0,,27.1,2,1,2,2,0.4,0.05,-1,-0.4
163,Eliesse Ben Seghir,fr FRA,"FW,MF",Monaco,17,2005,11.7,4,21,8,38.1,1.8,0.68,0.19,0.5,18.6,0,0,0,1.9,1.9,0.09,2.1,2.1
164,Takumi Minamino,jp JPN,"MF,FW",Monaco,27,1995,8,1,22,8,36.4,2.73,0.99,0.05,0.13,16.4,1,0,0,1.9,1.9,0.08,-0.9,-0.9
165,Birama Touré,ml MLI,MF,Auxerre,30,1992,37.8,2,25,7,28,0.66,0.19,0.08,0.29,26.1,0,0,1,1.9,1.1,0.04,0.1,0.9
166,Hamari Traoré,ml MLI,DF,Rennes,30,1992,28.1,1,30,9,30,1.07,0.32,0.03,0.11,15.5,0,0,0,1.9,1.9,0.06,-0.9,-0.9
167,Mouhamadou Diarra,fr FRA,"MF,FW",Strasbourg,18,2004,18.1,3,23,9,39.1,1.27,0.5,0.13,0.33,20.1,0,0,0,1.8,1.8,0.08,1.2,1.2
168,Armand Lauriente,fr FRA,FW,Lorient,23,1998,3,1,14,5,35.7,4.74,1.69,0.07,0.2,18.2,2,0,0,1.8,1.8,0.13,-0.8,-0.8
169,Bevic Moussiti-Oko,cg CGO,FW,Ajaccio,27,1995,7.8,1,20,7,35,2.58,0.9,0.05,0.14,12.6,0,0,0,1.8,1.8,0.09,-0.8,-0.8
170,Azzedine Ounahi,ma MAR,"MF,FW",Angers,22,2000,12.5,0,23,6,26.1,1.83,0.48,0,0,19.8,1,0,0,1.8,1.8,0.08,-1.8,-1.8
171,Julien Ponceau,fr FRA,MF,Lorient,21,2000,18.4,1,14,4,28.6,0.76,0.22,0.07,0.25,18.5,0,0,0,1.8,1.8,0.13,-0.8,-0.8
172,Alexsandro Ribeiro,br BRA,DF,Lille,22,1999,17.9,3,17,7,41.2,0.95,0.39,0.18,0.43,9.5,0,0,0,1.8,1.8,0.11,1.2,1.2
173,Stijn Spierings,nl NED,MF,Toulouse,26,1996,34.7,2,24,5,20.8,0.69,0.14,0.08,0.4,20.2,0,0,0,1.8,1.8,0.07,0.2,0.2
174,Emmanuel Agbadou,ci CIV,DF,Reims,25,1997,26.5,0,22,3,13.6,0.83,0.11,0,0,15.8,0,0,0,1.7,1.7,0.08,-1.7,-1.7
175,Badredine Bouanani,dz ALG,"FW,MF",Nice,17,2004,9.6,0,24,10,41.7,2.5,1.04,0,0,21.1,1,0,0,1.7,1.7,0.07,-1.7,-1.7
176,Bafodé Diakité,fr FRA,DF,Lille,21,2001,29.5,3,19,6,31.6,0.64,0.2,0.16,0.5,11.4,0,0,0,1.7,1.7,0.09,1.3,1.3
177,Andrei Girotto,br BRA,"DF,MF",Nantes,30,1992,35,1,27,6,22.2,0.77,0.17,0.04,0.17,17.2,2,0,0,1.7,1.7,0.06,-0.7,-0.7
178,Gaëtan Laborde,fr FRA,FW,Rennes,28,1994,2.8,2,11,6,54.5,3.98,2.17,0.18,0.33,13.2,0,0,0,1.7,1.7,0.16,0.3,0.3
179,Samuel Moutoussamy,cd COD,MF,Nantes,25,1996,26.7,0,22,5,22.7,0.83,0.19,0,0,16.8,0,0,0,1.7,1.7,0.08,-1.7,-1.7
180,Sergio Ramos,es ESP,DF,Paris S-G,36,1986,30,2,19,7,36.8,0.63,0.23,0.11,0.29,14.6,1,0,0,1.7,1.7,0.09,0.3,0.3
181,Valentin Rongier,fr FRA,MF,Marseille,27,1994,33.7,1,22,4,18.2,0.65,0.12,0.05,0.25,20,0,0,0,1.7,1.7,0.08,-0.7,-0.7
182,Hamza Sakhi,fr FRA,MF,Auxerre,26,1996,18.4,1,30,9,30,1.63,0.49,0.03,0.11,24.1,2,0,0,1.7,1.7,0.06,-0.7,-0.7
183,Corentin Tolisso,fr FRA,MF,Lyon,27,1994,22.6,1,30,9,30,1.33,0.4,0.03,0.11,23,0,0,0,1.7,1.7,0.06,-0.7,-0.7
184,Kevin Volland,de GER,"FW,MF",Monaco,30,1992,7.1,3,15,7,46.7,2.11,0.99,0.2,0.43,15.6,0,0,0,1.7,1.7,0.12,1.3,1.3
185,Benjamin André,fr FRA,MF,Lille,31,1990,32.4,1,24,4,16.7,0.74,0.12,0.04,0.25,16.9,0,0,0,1.6,1.6,0.07,-0.6,-0.6
186,Miha Blažič,si SVN,DF,Angers,29,1993,22,2,8,4,50,0.36,0.18,0.25,0.5,10,1,0,0,1.6,1.6,0.2,0.4,0.4
187,Désiré Doué,fr FRA,"MF,FW",Rennes,17,2005,12.4,3,21,6,28.6,1.7,0.48,0.14,0.5,21,0,0,0,1.6,1.6,0.07,1.4,1.4
188,Guillermo Maripán,cl CHI,DF,Monaco,28,1994,24,3,16,6,37.5,0.67,0.25,0.19,0.5,10.7,0,0,0,1.6,1.6,0.1,1.4,1.4
189,Ado Onaiwu,jp JPN,FW,Toulouse,26,1995,12,2,19,4,21.1,1.58,0.33,0.11,0.5,17.2,0,0,0,1.6,1.6,0.09,0.4,0.4
190,Carlos Soler,es ESP,MF,Paris S-G,25,1997,13.2,3,10,6,60,0.76,0.45,0.3,0.5,15.2,0,0,0,1.6,1.6,0.16,1.4,1.4
191,Jens Cajuste,se SWE,MF,Reims,22,1999,17,3,27,7,25.9,1.59,0.41,0.11,0.43,19.5,0,0,0,1.5,1.5,0.06,1.5,1.5
192,Pierrick Capelle,fr FRA,"MF,DF",Angers,35,1987,15.9,0,16,7,43.8,1.01,0.44,0,0,17.6,0,0,0,1.5,1.5,0.1,-1.5,-1.5
193,Yoann Cathline,fr FRA,"FW,MF",Lorient,20,2002,12.1,1,26,9,34.6,2.15,0.74,0.04,0.11,20.3,0,0,0,1.5,1.5,0.06,-0.5,-0.5
194,Xavier Chavalerin,fr FRA,MF,Troyes,31,1991,27,4,27,11,40.7,1,0.41,0.15,0.36,21.5,0,0,0,1.5,1.5,0.06,2.5,2.5
195,Dante,br BRA,DF,Nice,38,1983,36.7,1,23,5,21.7,0.63,0.14,0.04,0.2,13.8,0,0,0,1.5,1.5,0.07,-0.5,-0.5
196,Bamba Dieng,sn SEN,"FW,MF",Marseille,22,2000,2.2,1,11,5,45.5,5.1,2.32,0.09,0.2,12.5,0,0,0,1.5,1.5,0.14,-0.5,-0.5
197,Gerzino Nyamsi,fr FRA,DF,Strasbourg,25,1997,17.5,1,14,7,50,0.8,0.4,0.07,0.14,10.8,0,0,0,1.5,1.5,0.11,-0.5,-0.5
198,Adrien Thomasson,fr FRA,MF,Strasbourg,28,1993,10.4,0,17,5,29.4,1.63,0.48,0,0,12.1,0,0,0,1.5,1.5,0.09,-1.5,-1.5
199,Souleymane Touré,fr FRA,DF,Auxerre,19,2003,17.6,1,8,2,25,0.45,0.11,0.13,0.5,8,0,0,0,1.5,1.5,0.19,-0.5,-0.5
200,Himad Abdelli,dz ALG,"MF,FW",Angers,22,1999,23.7,2,24,7,29.2,1.01,0.29,0.08,0.29,22.4,2,0,0,1.4,1.4,0.06,0.6,0.6
201,Houssem Aouar,dz ALG,MF,Lyon,24,1998,5.8,1,14,6,42.9,2.4,1.03,0.07,0.17,15.1,0,0,0,1.4,1.4,0.11,-0.4,-0.4
202,Nicolas Cozza,fr FRA,DF,Montpellier,23,1999,14.2,2,7,4,57.1,0.49,0.28,0.29,0.5,10,0,0,0,1.4,1.4,0.2,0.6,0.6
203,Alexander Djiku,gh GHA,DF,Strasbourg,27,1994,29.7,1,17,5,29.4,0.57,0.17,0.06,0.2,14.4,1,0,0,1.4,1.4,0.08,-0.4,-0.4
204,José Fonte,pt POR,DF,Lille,38,1983,28.8,1,14,2,14.3,0.49,0.07,0.07,0.5,12.3,0,0,0,1.4,1.4,0.11,-0.4,-0.4
205,Rominigue Kouamé,ml MLI,MF,Troyes,25,1996,29.6,1,24,5,20.8,0.81,0.17,0.04,0.2,20.3,0,0,0,1.4,1.4,0.06,-0.4,-0.4
206,Han-Noah Massengo,fr FRA,MF,Auxerre,21,2001,12.4,0,13,1,7.7,1.05,0.08,0,0,18.9,0,0,0,1.4,1.4,0.11,-1.4,-1.4
207,Mathias Pereira Lage,pt POR,"MF,FW",Brest,25,1996,14,2,21,9,42.9,1.5,0.64,0.1,0.22,18.8,1,0,0,1.4,1.4,0.07,0.6,0.6
208,Kamaldeen Sulemana,gh GHA,"FW,MF",Rennes,20,2002,3.6,1,13,3,23.1,3.59,0.83,0.08,0.33,17.6,0,0,0,1.4,1.4,0.11,-0.4,-0.4
209,Sada Thioub,sn SEN,"DF,FW",Angers,27,1995,11.8,1,9,1,11.1,0.76,0.08,0.11,1,14,0,0,0,1.4,1.4,0.15,-0.4,-0.4
210,Warren Zaire-Emery,fr FRA,"MF,DF",Paris S-G,16,2006,10.3,2,9,4,44.4,0.87,0.39,0.22,0.5,17.1,0,0,0,1.4,1.4,0.16,0.6,0.6
211,Leonardo Balerdi,ar ARG,DF,Marseille,23,1999,29.3,0,11,0,0,0.38,0,0,,10.2,0,0,0,1.3,1.3,0.12,-1.3,-1.3
212,Haris Belkebla,dz ALG,MF,Brest,28,1994,29.5,2,9,2,22.2,0.3,0.07,0.11,0.5,25.5,0,1,1,1.3,0.5,0.05,0.7,0.5
213,Veljko Birmančević,rs SRB,"FW,MF",Toulouse,24,1998,4.9,0,13,3,23.1,2.64,0.61,0,0,19.3,0,0,0,1.3,1.3,0.1,-1.3,-1.3
214,Tiago Djaló,pt POR,DF,Lille,22,2000,22.4,2,15,4,26.7,0.67,0.18,0.13,0.5,12.7,0,0,0,1.3,1.3,0.08,0.7,0.7
215,Angelo Fulgini,fr FRA,"MF,FW",Lens,25,1996,9.5,1,12,8,66.7,1.26,0.84,0.08,0.13,15.7,0,0,0,1.3,1.3,0.11,-0.3,-0.3
216,Deiver Machado,co COL,"DF,MF",Lens,28,1993,24.3,4,18,7,38.9,0.74,0.29,0.22,0.57,19.3,1,0,0,1.3,1.3,0.07,2.7,2.7
217,Pablo Sarabia,es ESP,"FW,MF",Paris S-G,30,1992,4.1,0,6,2,33.3,1.46,0.49,0,0,10.4,0,0,0,1.3,1.3,0.22,-1.3,-1.3
218,Jean-Eudes Aholou,ci CIV,MF,Strasbourg,28,1994,14.4,3,21,8,38.1,1.45,0.55,0.14,0.38,25,0,0,0,1.2,1.2,0.06,1.8,1.8
219,Kouamé Botué,bf BFA,"FW,MF",Ajaccio,19,2002,2.5,0,7,0,0,2.75,0,0,,14.2,0,0,0,1.2,1.2,0.17,-1.2,-1.2
220,Brendan Chardonnet,fr FRA,DF,Brest,27,1994,27.7,0,16,3,18.8,0.58,0.11,0,0,11.1,0,0,0,1.2,1.2,0.08,-1.2,-1.2
221,Edan Diop,fr FRA,"DF,FW",Monaco,17,2004,2.5,1,6,2,33.3,2.42,0.81,0.17,0.5,15.6,0,0,0,1.2,1.2,0.2,-0.2,-0.2
222,Johan Gastien,fr FRA,MF,Clermont Foot,34,1988,28.9,4,19,9,47.4,0.66,0.31,0.21,0.44,24.8,1,0,0,1.2,1.2,0.06,2.8,2.8
223,Ismaily,br BRA,DF,Lille,32,1990,19.8,2,13,6,46.2,0.66,0.3,0.15,0.33,17.4,0,0,0,1.2,1.2,0.09,0.8,0.8
224,Julian Jeanvier,gn GUI,DF,Auxerre,30,1992,19.6,1,8,4,50,0.41,0.2,0.13,0.25,8.7,0,0,0,1.2,1.2,0.15,-0.2,-0.2
225,Vincent Le Goff,fr FRA,DF,Lorient,32,1989,37,0,17,6,35.3,0.46,0.16,0,0,18.3,0,0,0,1.2,1.2,0.07,-1.2,-1.2
226,Castello Lukeba,fr FRA,DF,Lyon,19,2002,33.2,2,13,5,38.5,0.39,0.15,0.15,0.4,10.2,0,0,0,1.2,1.2,0.09,0.8,0.8
227,Aïman Maurer,ma MAR,MF,Clermont Foot,17,2004,5.6,0,11,5,45.5,1.98,0.9,0,0,16.4,1,0,0,1.2,1.2,0.11,-1.2,-1.2
228,Fernand Mayembo,cg CGO,DF,Ajaccio,26,1996,7.9,0,4,0,0,0.51,0,0,,6.2,0,0,0,1.2,1.2,0.29,-1.2,-1.2
229,Florent Mollet,fr FRA,MF,Nantes,30,1991,12.1,1,22,9,40.9,1.82,0.74,0.05,0.11,23.2,5,0,0,1.2,1.2,0.06,-0.2,-0.2
230,Rasmus Nicolaisen,dk DEN,DF,Toulouse,25,1997,33.3,0,13,7,53.8,0.39,0.21,0,0,11.5,0,0,0,1.2,1.2,0.09,-1.2,-1.2
231,Nicolas Pallois,fr FRA,DF,Nantes,34,1987,24.6,1,9,3,33.3,0.37,0.12,0.11,0.33,12.9,0,0,0,1.2,1.2,0.13,-0.2,-0.2
232,Sanjin Prcić,ba BIH,MF,Strasbourg,28,1993,18.1,1,28,7,25,1.54,0.39,0.04,0.14,26,1,0,0,1.2,1.2,0.04,-0.2,-0.2
233,Yoann Salmier,gf GUF,DF,Troyes,29,1992,29.4,1,14,3,21.4,0.48,0.1,0.07,0.33,16.6,0,0,0,1.2,1.2,0.08,-0.2,-0.2
234,Amin Sarr,se SWE,FW,Lyon,21,2001,6,1,6,5,83.3,1.01,0.84,0.17,0.2,12.7,0,0,0,1.2,1.2,0.2,-0.2,-0.2
235,Lilian Brassier,fr FRA,DF,Brest,22,1999,34.4,0,20,3,15,0.58,0.09,0,0,16.3,0,0,0,1.1,1.1,0.05,-1.1,-1.1
236,Marcus Coco,fr FRA,"FW,MF",Nantes,26,1996,7.1,1,7,1,14.3,0.98,0.14,0.14,1,13.6,0,0,0,1.1,1.1,0.16,-0.1,-0.1
237,André Gomes,pt POR,MF,Lille,29,1993,18.1,3,18,5,27.8,0.99,0.28,0.17,0.6,21.2,0,0,0,1.1,1.1,0.06,1.9,1.9
238,Cédric Hountondji,bj BEN,DF,Angers,28,1994,34.4,0,11,4,36.4,0.32,0.12,0,0,8.9,0,0,0,1.1,1.1,0.1,-1.1,-1.1
239,Jefferson,br BRA,FW,Lyon,22,1999,5,1,10,5,50,2.02,1.01,0.1,0.2,15.7,0,0,0,1.1,1.1,0.11,-0.1,-0.1
240,Théo Le Bris,fr FRA,"MF,DF",Lorient,19,2002,16.1,2,10,4,40,0.62,0.25,0.2,0.5,14,0,0,0,1.1,1.1,0.11,0.9,0.9
241,Léo Leroy,fr FRA,MF,Montpellier,22,2000,13.2,0,18,6,33.3,1.36,0.45,0,0,20.6,1,0,0,1.1,1.1,0.06,-1.1,-1.1
242,Yohann Magnin,fr FRA,MF,Clermont Foot,25,1997,26.7,0,17,1,5.9,0.64,0.04,0,0,19.8,0,0,0,1.1,1.1,0.06,-1.1,-1.1
243,Farid El Melali,dz ALG,"DF,FW",Angers,25,1997,9,0,11,2,18.2,1.23,0.22,0,0,18.8,0,0,0,1.1,1.1,0.1,-1.1,-1.1
244,Lebo Mothiba,za RSA,"FW,MF",Strasbourg,26,1996,4.8,3,9,4,44.4,1.86,0.83,0.33,0.75,13,0,0,0,1.1,1.1,0.12,1.9,1.9
245,Erik Palmer-Brown,us USA,DF,Troyes,25,1997,35.5,0,12,2,16.7,0.34,0.06,0,0,11.7,0,0,0,1.1,1.1,0.09,-1.1,-1.1
246,Renato Sanches,pt POR,MF,Paris S-G,24,1997,8,2,14,6,42.9,1.76,0.75,0.14,0.33,17.9,0,0,0,1.1,1.1,0.08,0.9,0.9
247,Baptiste Santamaria,fr FRA,MF,Rennes,27,1995,20.1,2,19,8,42.1,0.94,0.4,0.11,0.25,23.2,0,0,0,1.1,1.1,0.06,0.9,0.9
248,Mehdi Zeffane,dz ALG,"DF,MF",Clermont Foot,30,1992,7.3,1,8,2,25,1.09,0.27,0.13,0.5,20.1,0,0,0,1.1,1.1,0.14,-0.1,-0.1
249,Youcef Atal,dz ALG,"DF,MF",Nice,26,1996,8.7,1,12,5,41.7,1.39,0.58,0.08,0.2,17.3,0,0,0,1,1,0.09,0,0
250,Cédric Avinel,gp GLP,DF,Ajaccio,35,1986,19.9,1,3,1,33.3,0.15,0.05,0.33,1,4.1,0,0,0,1,1,0.41,0,0
251,Bilal Brahimi,dz ALG,"FW,MF",Nice,22,2000,8.9,3,20,6,30,2.25,0.68,0.15,0.5,24.3,0,0,0,1,1,0.05,2,2
252,Mohamed Camara,ml MLI,MF,Monaco,22,2000,24.4,0,27,6,22.2,1.11,0.25,0,0,28.4,0,0,0,1,1,0.04,-1,-1
253,Sofiane Diop,fr FRA,MF,Monaco,22,2000,0.7,1,2,1,50,2.77,1.38,0.5,1,10.5,0,0,0,1,1,0.5,0,0
254,Souleyman Doumbia,ci CIV,"DF,FW",Angers,25,1996,19.9,0,7,2,28.6,0.35,0.1,0,0,16,0,0,0,1,1,0.14,-1,-1
255,Oumar Gonzalez,cm CMR,DF,Ajaccio,24,1998,28.6,0,11,3,27.3,0.38,0.1,0,0,11.1,0,0,0,1,1,0.09,-1,-1
256,Ismail Jakobs,sn SEN,"DF,FW",Monaco,22,1999,12.4,0,14,6,42.9,1.13,0.48,0,0,15.2,1,0,0,1,1,0.07,-1,-1
257,Nuno Mendes,pt POR,DF,Paris S-G,20,2002,17.2,1,10,7,70,0.58,0.41,0.1,0.14,13.7,0,0,0,1,1,0.1,0,0
258,Nordi Mukiele,fr FRA,DF,Paris S-G,24,1997,12.6,0,11,2,18.2,0.87,0.16,0,0,11.6,0,0,0,1,1,0.09,-1,-1
259,Salis Abdul Samed,gh GHA,MF,Lens,22,2000,32.2,1,13,4,30.8,0.4,0.12,0.08,0.25,19.1,0,0,0,0.9,0.9,0.07,0.1,0.1
260,Mickaël Barreto,fr FRA,MF,Ajaccio,31,1991,14.7,1,19,4,21.1,1.29,0.27,0.05,0.25,26.6,3,0,0,0.9,0.9,0.05,0.1,0.1
261,Juan Bernat,es ESP,"DF,MF",Paris S-G,29,1993,18.3,1,7,6,85.7,0.38,0.33,0.14,0.17,11.4,0,0,0,0.9,0.9,0.12,0.1,0.1
262,Hicham Boudaoui,dz ALG,MF,Nice,22,1999,20.8,1,21,9,42.9,1.01,0.43,0.05,0.11,23.8,0,0,0,0.9,0.9,0.04,0.1,0.1
263,Maximiliano Caufriez,be BEL,DF,Clermont Foot,25,1997,24.7,1,14,6,42.9,0.57,0.24,0.07,0.17,17.9,0,0,0,0.9,0.9,0.07,0.1,0.1
264,Issa Kaboré,bf BFA,DF,Marseille,21,2001,11.4,1,8,3,37.5,0.7,0.26,0.13,0.33,16.2,0,0,0,0.9,0.9,0.11,0.1,0.1
265,Johann Lepenant,fr FRA,MF,Lyon,19,2002,21.5,1,19,1,5.3,0.88,0.05,0.05,1,23.8,0,0,0,0.9,0.9,0.05,0.1,0.1
266,Dion Lopy,sn SEN,MF,Reims,20,2002,15.3,0,18,4,22.2,1.17,0.26,0,0,23.3,0,0,0,0.9,0.9,0.05,-0.9,-0.9
267,Jordan Lotomba,ch SUI,DF,Nice,23,1998,27.3,0,13,5,38.5,0.48,0.18,0,0,19.8,0,0,0,0.9,0.9,0.07,-0.9,-0.9
268,Batista Mendy,fr FRA,"MF,DF",Angers,22,2000,31.8,0,15,2,13.3,0.47,0.06,0,0,24,0,0,0,0.9,0.9,0.06,-0.9,-0.9
269,Joe Rodon,wls WAL,DF,Rennes,24,1997,15.7,1,7,2,28.6,0.44,0.13,0.14,0.5,6.9,0,0,0,0.9,0.9,0.13,0.1,0.1
270,Pablo Rosario,nl NED,"MF,DF",Nice,25,1997,19.6,0,10,2,20,0.51,0.1,0,0,16.3,0,0,0,0.9,0.9,0.09,-0.9,-0.9
271,Halid Šabanović,ba BIH,DF,Angers,22,1999,7.1,2,5,3,60,0.71,0.42,0.4,0.67,17.1,0,0,0,0.9,0.9,0.18,1.1,1.1
272,Lesley Ugochukwu,fr FRA,MF,Rennes,18,2004,14.8,0,6,1,16.7,0.41,0.07,0,0,18.4,0,0,0,0.9,0.9,0.15,-0.9,-0.9
273,Matthis Abline,fr FRA,"FW,MF",Rennes,19,2003,1.2,1,6,2,33.3,5.05,1.68,0.17,0.5,12.2,0,0,0,0.8,0.8,0.13,0.2,0.2
274,Lucien Agoume,fr FRA,MF,Troyes,20,2002,12.2,0,9,3,33.3,0.74,0.25,0,0,15.6,0,0,0,0.8,0.8,0.09,-0.8,-0.8
275,Pedro Chirivella,es ESP,MF,Nantes,25,1997,22.5,0,16,5,31.3,0.71,0.22,0,0,22.2,0,0,0,0.8,0.8,0.05,-0.8,-0.8
276,Mikkel Desler,dk DEN,DF,Toulouse,27,1995,25.1,1,11,4,36.4,0.44,0.16,0.09,0.25,17.6,0,0,0,0.8,0.8,0.07,0.2,0.2
277,Sinaly Diomande,ci CIV,DF,Lyon,21,2001,21.7,0,10,2,20,0.46,0.09,0,0,12.6,0,0,0,0.8,0.8,0.08,-0.8,-0.8
278,Jordan Ferri,fr FRA,MF,Montpellier,30,1992,30.4,1,14,2,14.3,0.46,0.07,0.07,0.5,24.1,0,0,0,0.8,0.8,0.06,0.2,0.2
279,Gerson,br BRA,MF,Marseille,25,1997,4.6,2,9,6,66.7,1.94,1.29,0.22,0.33,15.8,0,0,0,0.8,0.8,0.09,1.2,1.2
280,Jonathan Gradit,fr FRA,DF,Lens,29,1992,31.4,1,5,1,20,0.16,0.03,0.2,1,14.1,0,0,0,0.8,0.8,0.16,0.2,0.2
281,Andrew Gravillon,gp GLP,DF,Reims,24,1998,11.5,0,8,1,12.5,0.69,0.09,0,0,18.3,1,0,0,0.8,0.8,0.1,-0.8,-0.8
282,Dejan Lovren,hr CRO,DF,Lyon,33,1989,16.2,1,13,3,23.1,0.8,0.19,0.08,0.33,12.5,1,0,0,0.8,0.8,0.06,0.2,0.2
283,Hugo Magnetti,fr FRA,MF,Brest,24,1998,18.8,1,17,6,35.3,0.91,0.32,0.06,0.17,24.7,0,0,0,0.8,0.8,0.05,0.2,0.2
284,Béni Makouana,cg CGO,"FW,MF",Montpellier,19,2002,2.2,0,6,1,16.7,2.73,0.45,0,0,13.9,0,0,0,0.8,0.8,0.14,-0.8,-0.8
285,Gelson Martins,pt POR,"MF,FW",Monaco,27,1995,3.8,0,12,3,25,3.13,0.78,0,0,15.9,0,0,0,0.8,0.8,0.06,-0.8,-0.8
286,Quentin Merlin,fr FRA,DF,Nantes,20,2002,19.9,1,15,4,26.7,0.75,0.2,0.07,0.25,22.8,1,0,0,0.8,0.8,0.05,0.2,0.2
287,Jeff Reine-Adélaïde,fr FRA,MF,Lyon,24,1998,3.7,0,10,7,70,2.68,1.87,0,0,20,0,0,0,0.8,0.8,0.08,-0.8,-0.8
288,Falaye Sacko,ml MLI,DF,Montpellier,27,1995,28.7,1,6,2,33.3,0.21,0.07,0.17,0.5,16.7,0,0,0,0.8,0.8,0.13,0.2,0.2
289,Issiaga Sylla,gn GUI,DF,Montpellier,28,1994,14.5,1,10,1,10,0.69,0.07,0.1,1,14.8,0,0,0,0.8,0.8,0.08,0.2,0.2
290,Jean-Clair Todibo,fr FRA,DF,Nice,22,1999,31.9,0,14,4,28.6,0.44,0.13,0,0,13.4,0,0,0,0.8,0.8,0.06,-0.8,-0.8
291,Yan Valery,tn TUN,DF,Angers,23,1999,27.7,0,13,2,15.4,0.47,0.07,0,0,21,0,0,0,0.8,0.8,0.06,-0.8,-0.8
292,Marco Verratti,it ITA,MF,Paris S-G,29,1992,24.4,0,8,4,50,0.33,0.16,0,0,17.8,0,0,0,0.8,0.8,0.1,-0.8,-0.8
293,Clément Vidal,fr FRA,"DF,MF",Ajaccio,22,2000,21.1,1,12,2,16.7,0.57,0.09,0.08,0.5,10.8,0,0,0,0.8,0.8,0.06,0.2,0.2
294,Youcef Belaïli,dz ALG,"FW,MF",Brest,30,1992,4,0,9,1,11.1,2.28,0.25,0,0,16,1,0,0,0.7,0.7,0.08,-0.7,-0.7
295,Andreas Bruus,dk DEN,"DF,FW",Troyes,23,1999,18.1,0,11,3,27.3,0.61,0.17,0,0,19.7,1,0,0,0.7,0.7,0.07,-0.7,-0.7
296,Jean-Charles Castelletto,cm CMR,DF,Nantes,27,1995,28.5,0,9,3,33.3,0.32,0.11,0,0,13.4,0,0,0,0.7,0.7,0.08,-0.7,-0.7
297,Fabien Centonze,fr FRA,DF,Nantes,26,1996,18.8,0,14,0,0,0.75,0,0,,23,0,0,0,0.7,0.7,0.05,-0.7,-0.7
298,Ckene Doucouré,km COM,"FW,MF",Lorient,20,2002,1.5,0,7,1,14.3,4.63,0.66,0,0,13.5,0,0,0,0.7,0.7,0.11,-0.7,-0.7
299,Noah Fadiga,sn SEN,DF,Brest,22,1999,14.5,1,11,3,27.3,0.76,0.21,0.09,0.33,18.3,0,0,0,0.7,0.7,0.07,0.3,0.3
300,Pape Gueye,sn SEN,"MF,DF",Marseille,23,1999,5.5,1,8,4,50,1.46,0.73,0.13,0.25,16.8,0,0,0,0.7,0.7,0.09,0.3,0.3
301,Presnel Kimpembe,fr FRA,DF,Paris S-G,26,1995,8.1,0,4,0,0,0.49,0,0,,6.3,0,0,0,0.7,0.7,0.17,-0.7,-0.7
302,Boubakar Kouyaté,ml MLI,DF,Montpellier,25,1997,14,0,11,3,27.3,0.79,0.21,0,0,11.5,0,0,0,0.7,0.7,0.06,-0.7,-0.7
303,Chrislain Matsima,fr FRA,DF,Monaco,20,2002,5,0,3,2,66.7,0.61,0.4,0,0,8,0,0,0,0.7,0.7,0.22,-0.7,-0.7
304,Bamo Meïté,ci CIV,DF,Lorient,21,2001,16.7,1,3,1,33.3,0.18,0.06,0.33,1,8.5,0,0,0,0.7,0.7,0.25,0.3,0.3
305,Thiago Mendes,br BRA,"MF,DF",Lyon,30,1992,22.9,1,14,4,28.6,0.61,0.17,0.07,0.25,25.1,2,0,0,0.7,0.7,0.05,0.3,0.3
306,Papa Ndiaga Yade,sn SEN,"DF,MF",Troyes,22,2000,6.3,0,10,3,30,1.58,0.48,0,0,20.3,0,0,0,0.7,0.7,0.07,-0.7,-0.7
307,Azzedine Ounahi,ma MAR,"MF,FW",Marseille,22,2000,1.3,1,3,2,66.7,2.23,1.49,0.33,0.5,21,1,0,0,0.7,0.7,0.22,0.3,0.3
308,Adil Rami,fr FRA,DF,Troyes,36,1985,17.7,0,9,3,33.3,0.51,0.17,0,0,26,0,0,0,0.7,0.7,0.07,-0.7,-0.7
309,Caio Henrique Oliveira Silva,br BRA,DF,Monaco,25,1997,32.2,1,10,6,60,0.31,0.19,0.1,0.17,21.1,2,0,0,0.7,0.7,0.07,0.3,0.3
310,Ibrahima Sissoko,fr FRA,MF,Strasbourg,24,1997,14.6,0,13,3,23.1,0.89,0.21,0,0,18,0,0,0,0.7,0.7,0.05,-0.7,-0.7
311,Kevin Spadanuda,ch SUI,"MF,FW",Ajaccio,25,1997,11.8,0,7,1,14.3,0.59,0.08,0,0,14.2,0,0,0,0.7,0.7,0.1,-0.7,-0.7
312,Montassar Talbi,tn TUN,DF,Lorient,24,1998,38,1,9,6,66.7,0.24,0.16,0.11,0.17,11.8,0,0,0,0.7,0.7,0.08,0.3,0.3
313,Christopher Wooh,cm CMR,DF,Rennes,20,2001,11.2,0,5,0,0,0.45,0,0,,8.9,0,0,0,0.7,0.7,0.13,-0.7,-0.7
314,Darlin Yongwa,cm CMR,DF,Lorient,21,2000,8.7,1,9,3,33.3,1.04,0.35,0.11,0.33,16.9,0,0,0,0.7,0.7,0.08,0.3,0.3
315,Benoît Badiashile,fr FRA,DF,Monaco,21,2001,9.3,2,5,3,60,0.54,0.32,0.4,0.67,16,0,0,0,0.6,0.6,0.13,1.4,1.4
316,Jérémie Bela,ao ANG,"DF,MF",Clermont Foot,29,1993,8.3,1,12,5,41.7,1.45,0.61,0.08,0.2,21.7,1,0,0,0.6,0.6,0.05,0.4,0.4
317,Gaëtan Charbonnier,fr FRA,"FW,MF",Auxerre,33,1988,2.8,1,7,1,14.3,2.48,0.35,0.14,1,23.2,0,0,0,0.6,0.6,0.09,0.4,0.4
318,Joris Chotard,fr FRA,MF,Montpellier,20,2001,27.3,0,12,1,8.3,0.44,0.04,0,0,27.2,0,0,0,0.6,0.6,0.05,-0.6,-0.6
319,Abdu Conté,pt POR,DF,Troyes,24,1998,14.6,1,4,2,50,0.27,0.14,0.25,0.5,15.3,0,0,0,0.6,0.6,0.14,0.4,0.4
320,Logan Costa,cv CPV,DF,Toulouse,21,2001,4.6,0,5,2,40,1.08,0.43,0,0,8.6,0,0,0,0.6,0.6,0.12,-0.6,-0.6
321,Maxime Estève,fr FRA,DF,Montpellier,20,2002,18.3,0,6,0,0,0.33,0,0,,9.5,0,0,0,0.6,0.6,0.09,-0.6,-0.6
322,Denis Genreau,au AUS,MF,Toulouse,23,1999,7.3,0,7,2,28.6,0.96,0.27,0,0,16.5,0,0,0,0.6,0.6,0.08,-0.6,-0.6
323,Amine Gouiri,fr FRA,"FW,MF",Nice,22,2000,2.5,0,5,2,40,1.99,0.8,0,0,12.5,0,0,0,0.6,0.6,0.12,-0.6,-0.6
324,Frederic Guilbert,fr FRA,DF,Strasbourg,27,1994,16.2,0,12,1,8.3,0.74,0.06,0,0,26.3,3,0,0,0.6,0.6,0.05,-0.6,-0.6
325,Gedeon Kalulu,cd COD,DF,Lorient,24,1997,27.1,0,10,2,20,0.37,0.07,0,0,20.9,0,0,0,0.6,0.6,0.07,-0.6,-0.6
326,Julien Le Cardinal,fr FRA,DF,Lens,24,1997,1.8,0,5,2,40,2.73,1.09,0,0,9.6,0,0,0,0.6,0.6,0.11,-0.6,-0.6
327,Maxime Le Marchand,fr FRA,DF,Strasbourg,32,1989,22.4,0,8,0,0,0.36,0,0,,19.1,0,0,0,0.6,0.6,0.08,-0.6,-0.6
328,Dimitri Liénard,fr FRA,"DF,MF",Strasbourg,34,1988,17.1,0,13,2,15.4,0.76,0.12,0,0,21.8,2,0,0,0.6,0.6,0.05,-0.6,-0.6
329,Jean Lucas,br BRA,MF,Monaco,24,1998,3.2,0,5,3,60,1.55,0.93,0,0,18.3,0,0,0,0.6,0.6,0.12,-0.6,-0.6
330,Youssouf M'Changama,km COM,MF,Auxerre,31,1990,12,0,18,2,11.1,1.5,0.17,0,0,30.3,7,0,0,0.6,0.6,0.03,-0.6,-0.6
331,Warmed Omari,fr FRA,DF,Rennes,22,2000,15.1,0,3,1,33.3,0.2,0.07,0,0,7.1,0,0,0,0.6,0.6,0.19,-0.6,-0.6
332,Łukasz Poręba,pl POL,MF,Lens,22,2000,2.9,0,3,0,0,1.04,0,0,,17.1,0,0,0,0.6,0.6,0.19,-0.6,-0.6
333,Adrien Truffert,fr FRA,DF,Rennes,20,2001,21.7,0,10,3,30,0.46,0.14,0,0,21.3,0,0,0,0.6,0.6,0.06,-0.6,-0.6
334,Laurent Abergel,fr FRA,MF,Lorient,29,1993,26,0,13,2,15.4,0.5,0.08,0,0,24,0,0,0,0.5,0.5,0.04,-0.5,-0.5
335,Maghnes Akliouche,fr FRA,"MF,FW",Monaco,20,2002,4.5,0,5,2,40,1.12,0.45,0,0,14.9,0,0,0,0.5,0.5,0.09,-0.5,-0.5
336,Mickaël Alphonse,gp GLP,DF,Ajaccio,33,1989,15.1,0,10,2,20,0.66,0.13,0,0,16.3,0,0,0,0.5,0.5,0.05,-0.5,-0.5
337,Adil Aouchiche,fr FRA,MF,Lorient,20,2002,2.8,0,8,3,37.5,2.88,1.08,0,0,17.1,0,0,0,0.5,0.5,0.07,-0.5,-0.5
338,Carlos Baleba,cm CMR,MF,Lille,18,2004,5.3,0,12,2,16.7,2.26,0.38,0,0,24.3,0,0,0,0.5,0.5,0.04,-0.5,-0.5
339,Melvin Bard,fr FRA,DF,Nice,21,2000,27.3,0,7,2,28.6,0.26,0.07,0,0,15.4,0,0,0,0.5,0.5,0.07,-0.5,-0.5
340,Alexis Beka Beka,fr FRA,"MF,DF",Nice,21,2001,6.1,0,9,3,33.3,1.49,0.5,0,0,24.5,1,0,0,0.5,0.5,0.05,-0.5,-0.5
341,Alberth Elis,hn HON,"MF,FW",Brest,26,1996,2.9,0,4,1,25,1.4,0.35,0,0,13.1,0,0,0,0.5,0.5,0.13,-0.5,-0.5
342,Khalil Fayad,fr FRA,MF,Montpellier,18,2004,8,0,8,3,37.5,1,0.38,0,0,21.8,0,0,0,0.5,0.5,0.06,-0.5,-0.5
343,Maxime Gonalons,fr FRA,MF,Clermont Foot,33,1989,16.1,1,6,2,33.3,0.37,0.12,0.17,0.5,22.6,0,0,0,0.5,0.5,0.09,0.5,0.5
344,Gabriel Gudmundsson,se SWE,"DF,FW",Lille,23,1999,9.3,0,7,1,14.3,0.75,0.11,0,0,22,0,0,0,0.5,0.5,0.07,-0.5,-0.5
345,Amine Harit,ma MAR,"MF,FW",Marseille,25,1997,5.7,0,6,3,50,1.05,0.52,0,0,18.7,0,0,0,0.5,0.5,0.08,-0.5,-0.5
346,Ayman Kari,fr FRA,"MF,DF",Lorient,17,2004,1.1,0,4,0,0,3.75,0,0,,18.6,0,0,0,0.5,0.5,0.14,-0.5,-0.5
347,Yasser Larouci,fr FRA,"DF,MF",Troyes,21,2001,20,1,10,4,40,0.5,0.2,0.1,0.25,20.6,0,0,0,0.5,0.5,0.05,0.5,0.5
348,Myziane Maolida,fr FRA,"MF,FW",Reims,23,1999,2.6,1,6,2,33.3,2.33,0.78,0.17,0.5,17.2,0,0,0,0.5,0.5,0.08,0.5,0.5
349,Jean Mattéo Bahoya,fr FRA,"FW,MF",Angers,17,2005,3,0,4,0,0,1.33,0,0,,15.4,0,0,0,0.5,0.5,0.13,-0.5,-0.5
350,Youssouf Ndayishimiye,bi BDI,"MF,DF",Nice,23,1998,6.3,1,8,4,50,1.27,0.63,0.13,0.25,18.2,0,0,0,0.5,0.5,0.06,0.5,0.5
351,Ante Palaversa,hr CRO,MF,Troyes,22,2000,0.3,1,1,1,100,2.9,2.9,1,1,5.2,0,0,0,0.5,0.5,0.51,0.5,0.5
352,Lucas Perrin,fr FRA,DF,Strasbourg,23,1998,19.6,0,7,4,57.1,0.36,0.2,0,0,11.7,0,0,0,0.5,0.5,0.07,-0.5,-0.5
353,Mamadou Sakho,fr FRA,DF,Montpellier,32,1990,8.5,1,3,2,66.7,0.35,0.24,0.33,0.5,6.1,0,0,0,0.5,0.5,0.18,0.5,0.5
354,Vincent Sierro,ch SUI,MF,Toulouse,26,1995,7.4,0,8,3,37.5,1.08,0.41,0,0,22.3,1,0,0,0.5,0.5,0.06,-0.5,-0.5
355,Moussa Soumano,fr FRA,FW,Ajaccio,17,2005,5.5,1,6,2,33.3,1.09,0.36,0.17,0.5,17.5,0,0,0,0.5,0.5,0.09,0.5,0.5
356,Dennis Appiah,fr FRA,"DF,MF",Nantes,30,1992,8.8,0,5,1,20,0.57,0.11,0,0,19.3,0,0,0,0.4,0.4,0.08,-0.4,-0.4
357,Quentin Boisgard,fr FRA,MF,Lorient,25,1997,2,1,6,3,50,2.93,1.47,0.17,0.33,18.5,0,0,0,0.4,0.4,0.07,0.6,0.6
358,Colin Dagba,fr FRA,"DF,MF",Strasbourg,23,1998,10.6,0,5,0,0,0.47,0,0,,16.3,0,0,0,0.4,0.4,0.07,-0.4,-0.4
359,Achraf Dari,ma MAR,DF,Brest,23,1999,14.6,1,4,2,50,0.27,0.14,0.25,0.5,15.4,0,0,0,0.4,0.4,0.09,0.6,0.6
360,Thomas Delaine,fr FRA,"DF,MF",Strasbourg,30,1992,11.9,0,6,4,66.7,0.51,0.34,0,0,18.7,0,0,0,0.4,0.4,0.07,-0.4,-0.4
361,Jodel Dossou,bj BEN,"MF,DF",Clermont Foot,30,1992,2.9,1,6,3,50,2.09,1.05,0.17,0.33,16.7,0,0,0,0.4,0.4,0.07,0.6,0.6
362,Jean-Kevin Duverne,ht HAI,DF,Brest,25,1997,27.9,0,5,1,20,0.18,0.04,0,0,17.2,0,0,0,0.4,0.4,0.08,-0.4,-0.4
363,Malo Gusto,fr FRA,DF,Lyon,19,2003,17.7,0,7,3,42.9,0.39,0.17,0,0,20.9,0,0,0,0.4,0.4,0.06,-0.4,-0.4
364,Rhys Healey,wls WAL,FW,Toulouse,27,1994,0.7,2,5,3,60,7.03,4.22,0.4,0.67,15.3,0,0,0,0.4,0.4,0.08,1.6,1.6
365,Cheick Konaté,ci CIV,DF,Clermont Foot,18,2004,6.4,0,3,0,0,0.47,0,0,,26.5,0,0,0,0.4,0.4,0.13,-0.4,-0.4
366,Sael Kumbedi,fr FRA,DF,Lyon,17,2005,14.7,0,9,2,22.2,0.61,0.14,0,0,21.9,0,0,0,0.4,0.4,0.05,-0.4,-0.4
367,Rémy Labeau Lascary,gp GLP,"FW,MF",Lens,19,2003,1.4,0,3,1,33.3,2.2,0.73,0,0,15.9,0,0,0,0.4,0.4,0.13,-0.4,-0.4
368,Kenny Lala,fr FRA,DF,Brest,30,1991,15.7,0,12,3,25,0.76,0.19,0,0,25.6,2,0,0,0.4,0.4,0.03,-0.4,-0.4
369,Azor Matusiwa,nl NED,MF,Reims,24,1998,27.6,0,11,4,36.4,0.4,0.14,0,0,26.2,0,0,0,0.4,0.4,0.04,-0.4,-0.4
370,Jean Onana,cm CMR,"MF,DF",Lens,22,2000,9,0,8,3,37.5,0.89,0.33,0,0,23.1,0,0,0,0.4,0.4,0.05,-0.4,-0.4
371,Lucas Paquetá,br BRA,MF,Lyon,24,1997,1.8,0,5,1,20,2.83,0.57,0,0,15.1,0,0,0,0.4,0.4,0.07,-0.4,-0.4
372,Théo Sainte-Luce,fr FRA,DF,Montpellier,23,1998,5.9,1,3,2,66.7,0.51,0.34,0.33,0.5,20.5,0,0,0,0.4,0.4,0.14,0.6,0.6
373,Kaj Sierhuis,nl NED,"FW,MF",Reims,24,1998,2.4,0,5,1,20,2.06,0.41,0,0,14.3,0,0,0,0.4,0.4,0.08,-0.4,-0.4
374,Djed Spence,eng ENG,DF,Rennes,21,2000,6.4,0,3,1,33.3,0.47,0.16,0,0,14,0,0,0,0.4,0.4,0.12,-0.4,-0.4
375,Issiaga Sylla,gn GUI,DF,Toulouse,28,1994,15.2,0,9,3,33.3,0.59,0.2,0,0,17.9,0,0,0,0.4,0.4,0.05,-0.4,-0.4
376,Enzo Tchato,cm CMR,DF,Montpellier,19,2002,12.2,1,4,2,50,0.33,0.16,0.25,0.5,18.8,0,0,0,0.4,0.4,0.09,0.6,0.6
377,Akim Zedadka,dz ALG,DF,Auxerre,27,1995,17.8,0,9,0,0,0.51,0,0,,19.6,0,0,0,0.4,0.4,0.04,-0.4,-0.4
378,Akim Zedadka,dz ALG,"DF,MF",Lille,27,1995,3.9,1,3,1,33.3,0.76,0.25,0.33,1,15.3,0,0,0,0.4,0.4,0.13,0.6,0.6
379,Taïryk Arconte,fr FRA,FW,Brest,18,2003,1.4,0,2,1,50,1.41,0.7,0,0,12.5,0,0,0,0.3,0.3,0.14,-0.3,-0.3
380,Lorenz Assignon,tg TOG,DF,Rennes,22,2000,2.9,0,3,1,33.3,1.03,0.34,0,0,14.7,0,0,0,0.3,0.3,0.11,-0.3,-0.3
381,Thierno Balde,fr FRA,"DF,MF",Troyes,20,2002,23.9,0,7,1,14.3,0.29,0.04,0,0,17.4,0,0,0,0.3,0.3,0.04,-0.3,-0.3
382,Jimmy Cabot,fr FRA,"DF,MF",Lens,28,1994,5.7,0,5,1,20,0.88,0.18,0,0,17,0,0,0,0.3,0.3,0.06,-0.3,-0.3
383,Siriki Dembélé,ci CIV,"MF,FW",Auxerre,25,1996,4.1,0,5,2,40,1.21,0.48,0,0,21.4,0,0,0,0.3,0.3,0.06,-0.3,-0.3
384,Ismael Diallo,ci CIV,DF,Ajaccio,25,1997,24.2,0,3,0,0,0.12,0,0,,17.5,0,0,0,0.3,0.3,0.08,-0.3,-0.3
385,Ismaël Doukouré,fr FRA,"DF,MF",Strasbourg,19,2003,25.5,1,9,2,22.2,0.35,0.08,0.11,0.5,25.4,0,0,0,0.3,0.3,0.03,0.7,0.7
386,Noah Holm,no NOR,"FW,MF",Reims,21,2001,2.2,0,2,0,0,0.93,0,0,,36.7,0,0,0,0.3,0.3,0.16,-0.3,-0.3
387,Rareş Ilie,ro ROU,"MF,FW",Nice,19,2003,1.6,0,4,0,0,2.43,0,0,,16.8,0,0,0,0.3,0.3,0.07,-0.3,-0.3
388,Waren Kamanzi,no NOR,DF,Toulouse,21,2000,7.4,0,2,1,50,0.27,0.14,0,0,18.1,0,0,0,0.3,0.3,0.13,-0.3,-0.3
389,Julien Laporte,fr FRA,DF,Lorient,28,1993,18.4,0,6,2,33.3,0.33,0.11,0,0,14.8,0,0,0,0.3,0.3,0.05,-0.3,-0.3
390,Mario Lemina,ga GAB,"MF,DF",Nice,28,1993,9.3,0,6,3,50,0.64,0.32,0,0,20.1,0,0,0,0.3,0.3,0.05,-0.3,-0.3
391,Antoine Mendy,fr FRA,DF,Nice,18,2004,5.8,0,8,2,25,1.39,0.35,0,0,16.3,0,0,0,0.3,0.3,0.04,-0.3,-0.3
392,Zinédine Ould Khaled,fr FRA,"MF,FW",Angers,22,2000,0.6,0,1,1,100,1.76,1.76,0,0,2.8,0,0,0,0.3,0.3,0.3,-0.3,-0.3
393,Jeff Reine-Adélaïde,fr FRA,MF,Troyes,24,1998,2.6,0,4,0,0,1.55,0,0,,22.3,0,0,0,0.3,0.3,0.08,-0.3,-0.3
394,Ibrahim Salah,ma MAR,"FW,MF",Rennes,20,2001,2.5,0,6,2,33.3,2.38,0.79,0,0,20.9,0,0,0,0.3,0.3,0.04,-0.3,-0.3
395,Calvin Stengs,nl NED,FW,Nice,23,1998,2.4,0,3,1,33.3,1.27,0.42,0,0,20.1,0,0,0,0.3,0.3,0.09,-0.3,-0.3
396,Waniss Taibi,fr FRA,MF,Angers,20,2002,2.1,0,1,0,0,0.48,0,0,,6.5,0,0,0,0.3,0.3,0.31,-0.3,-0.3
397,Mohamed Youssouf,km COM,DF,Ajaccio,34,1988,27.3,0,5,1,20,0.18,0.04,0,0,18.7,0,0,0,0.3,0.3,0.05,-0.3,-0.3
398,Ruben Aguilar,fr FRA,DF,Monaco,29,1993,13,0,4,2,50,0.31,0.15,0,0,17.5,0,0,0,0.2,0.2,0.06,-0.2,-0.2
399,Loïc Bade,fr FRA,DF,Rennes,22,2000,1,0,2,0,0,2,0,0,,8.7,0,0,0,0.2,0.2,0.1,-0.2,-0.2
400,Eric Bailly,ci CIV,DF,Marseille,28,1994,6,0,3,0,0,0.5,0,0,,13,0,0,0,0.2,0.2,0.06,-0.2,-0.2
401,Ousmane Camara,fr FRA,DF,Angers,19,2003,5.8,0,1,1,100,0.17,0.17,0,0,6.5,0,0,0,0.2,0.2,0.16,-0.2,-0.2
402,Axel Camblan,fr FRA,"FW,MF",Brest,18,2003,0.8,0,1,1,100,1.32,1.32,0,0,6.8,0,0,0,0.2,0.2,0.17,-0.2,-0.2
403,Irvin Cardona,fr FRA,"FW,MF",Brest,24,1997,2.6,0,4,2,50,1.55,0.77,0,0,13.4,0,0,0,0.2,0.2,0.05,-0.2,-0.2
404,Igor Carioca,br BRA,DF,Lorient,25,1996,5.1,0,4,1,25,0.79,0.2,0,0,19.8,0,0,0,0.2,0.2,0.05,-0.2,-0.2
405,Yanis Cimignani,fr FRA,"MF,DF",Ajaccio,20,2002,3.1,0,6,2,33.3,1.94,0.65,0,0,24.6,0,0,0,0.2,0.2,0.03,-0.2,-0.2
406,Sébastien Corchia,fr FRA,DF,Nantes,31,1990,8.7,0,5,2,40,0.57,0.23,0,0,27.4,1,0,0,0.2,0.2,0.03,-0.2,-0.2
407,Karamoko Dembele,sct SCO,"FW,MF",Brest,19,2003,2,0,4,2,50,2.01,1.01,0,0,16.1,0,0,0,0.2,0.2,0.06,-0.2,-0.2
408,Ibrahim Diakité,gn GUI,DF,Reims,18,2003,1.5,0,1,1,100,0.69,0.69,0,0,7.5,0,0,0,0.2,0.2,0.2,-0.2,-0.2
409,Moussa Diarra,ml MLI,DF,Toulouse,21,2000,13.6,0,1,0,0,0.07,0,0,,6.4,0,0,0,0.2,0.2,0.16,-0.2,-0.2
410,Tristan Dingomé,cm CMR,MF,Troyes,31,1991,1.1,0,3,1,33.3,2.73,0.91,0,0,21.7,0,0,0,0.2,0.2,0.06,-0.2,-0.2
411,Fábio,br BRA,"DF,MF",Nantes,32,1990,2.5,0,3,2,66.7,1.21,0.8,0,0,13.9,0,0,0,0.2,0.2,0.07,-0.2,-0.2
412,Romain Faivre,fr FRA,MF,Lyon,24,1998,3.3,0,5,2,40,1.5,0.6,0,0,23.6,0,0,0,0.2,0.2,0.03,-0.2,-0.2
413,Ismaël Gharbi,es ESP,"MF,FW",Paris S-G,18,2004,0.6,0,3,1,33.3,4.66,1.55,0,0,21.3,0,0,0,0.2,0.2,0.07,-0.2,-0.2
414,Adrian Grbić,at AUT,"MF,FW",Lorient,25,1996,0.3,0,3,0,0,10.8,0,0,,28.5,2,0,0,0.2,0.2,0.06,-0.2,-0.2
415,Jaouen Hadjam,dz ALG,DF,Nantes,19,2003,8.9,0,6,3,50,0.67,0.34,0,0,30.3,0,0,0,0.2,0.2,0.03,-0.2,-0.2
416,Nordine Kandil,fr FRA,"MF,FW",Strasbourg,20,2001,1.1,0,3,0,0,2.67,0,0,,19.3,0,0,0,0.2,0.2,0.05,-0.2,-0.2
417,Check Keita,fr FRA,DF,Reims,19,2003,7.6,0,3,1,33.3,0.4,0.13,0,0,19.4,0,0,0,0.2,0.2,0.07,-0.2,-0.2
418,Qazim Laçi,al ALB,MF,Ajaccio,26,1996,2.4,0,4,0,0,1.7,0,0,,30.4,1,0,0,0.2,0.2,0.04,-0.2,-0.2
419,Ruan Levine,br BRA,"MF,FW",Ajaccio,23,1999,0.3,0,2,1,50,7.5,3.75,0,0,13.1,0,0,0,0.2,0.2,0.08,-0.2,-0.2
420,Bradley Locko,fr FRA,DF,Reims,20,2002,11.8,0,5,0,0,0.42,0,0,,22.3,0,0,0,0.2,0.2,0.04,-0.2,-0.2
421,Eliot Matazo,be BEL,MF,Monaco,20,2002,13.1,1,4,3,75,0.31,0.23,0.25,0.33,22.9,0,0,0,0.2,0.2,0.05,0.8,0.8
422,Florent Ogier,fr FRA,DF,Clermont Foot,33,1989,18.9,0,2,0,0,0.11,0,0,,18.2,0,0,0,0.2,0.2,0.11,-0.2,-0.2
423,Timothee Pembele,fr FRA,DF,Paris S-G,19,2002,2.9,0,3,1,33.3,1.03,0.34,0,0,16.3,0,0,0,0.2,0.2,0.05,-0.2,-0.2
424,Ronaël Pierre-Gabriel,fr FRA,DF,Strasbourg,24,1998,7.3,0,3,2,66.7,0.41,0.28,0,0,14.6,0,0,0,0.2,0.2,0.07,-0.2,-0.2
425,Lilian Raolisoa,fr FRA,"DF,MF",Angers,22,2000,1.9,1,3,2,66.7,1.56,1.04,0.33,0.5,18.7,0,0,0,0.2,0.2,0.06,0.8,0.8
426,Yoann Touzghar,tn TUN,FW,Ajaccio,35,1986,5,0,3,0,0,0.6,0,0,,11.1,0,0,0,0.2,0.2,0.08,-0.2,-0.2
427,Yusuf Yazıcı,tr TUR,MF,Lille,25,1997,2.2,1,5,2,40,2.25,0.9,0.2,0.5,19,0,0,0,0.2,0.2,0.03,0.8,0.8
428,Mohamed Achi,fr FRA,FW,Nantes,20,2002,0.4,0,1,0,0,2.5,0,0,,26.1,0,0,0,0.1,0.1,0.12,-0.1,-0.1
429,Martin Adeline,fr FRA,"MF,FW",Reims,18,2003,1.2,0,1,0,0,0.84,0,0,,25.5,0,0,0,0.1,0.1,0.07,-0.1,-0.1
430,Ibrahim Amadou,fr FRA,"DF,MF",Angers,29,1993,4.7,0,2,0,0,0.42,0,0,,24.4,0,0,0,0.1,0.1,0.03,-0.1,-0.1
431,Stredair Appuah,fr FRA,"DF,MF",Nantes,18,2004,0.7,0,3,0,0,4.09,0,0,,26.5,0,0,0,0.1,0.1,0.02,-0.1,-0.1
432,Reda Belahyane,fr FRA,MF,Nice,18,2004,2,0,1,0,0,0.49,0,0,,21.9,0,0,0,0.1,0.1,0.09,-0.1,-0.1
433,Antonin Bobichon,fr FRA,MF,Angers,26,1995,0.2,0,1,1,100,5,5,0,0,31.2,1,0,0,0.1,0.1,0.06,-0.1,-0.1
434,Kenji-Van Boto,mg MAD,DF,Auxerre,26,1996,2,0,3,0,0,1.5,0,0,,24.6,0,0,0,0.1,0.1,0.03,-0.1,-0.1
435,Ismaëlben Boura,fr FRA,"DF,FW",Lens,21,2000,1,0,2,1,50,1.94,0.97,0,0,28.6,0,0,0,0.1,0.1,0.03,-0.1,-0.1
436,Maxime Busi,be BEL,DF,Reims,22,1999,11.6,0,3,0,0,0.26,0,0,,27.5,0,0,0,0.1,0.1,0.02,-0.1,-0.1
437,Ousmane Camara,gn GUI,"FW,MF",Auxerre,20,2001,0.3,0,1,0,0,3.75,0,0,,11.1,0,0,0,0.1,0.1,0.05,-0.1,-0.1
438,Florian Chabrolle,fr FRA,MF,Ajaccio,24,1998,3.7,0,2,1,50,0.55,0.27,0,0,26.6,0,0,0,0.1,0.1,0.03,-0.1,-0.1
439,Alexis Claude-Maurice,fr FRA,FW,Nice,24,1998,0.7,0,2,0,0,2.81,0,0,,24,0,0,0,0.1,0.1,0.04,-0.1,-0.1
440,Alexandre Coeff,fr FRA,DF,Auxerre,30,1992,6.5,0,1,0,0,0.15,0,0,,9.2,0,0,0,0.1,0.1,0.08,-0.1,-0.1
441,Mathieu Coutadeur,fr FRA,MF,Ajaccio,36,1986,21.6,0,4,0,0,0.18,0,0,,29.1,0,0,0,0.1,0.1,0.02,-0.1,-0.1
442,Damien Da Silva,fr FRA,DF,Lyon,34,1988,3.8,0,2,0,0,0.53,0,0,,13.5,0,0,0,0.1,0.1,0.07,-0.1,-0.1
443,Sacha Delaye,fr FRA,"FW,MF",Montpellier,20,2002,0.2,1,2,1,50,9,4.5,0.5,1,20.4,0,0,0,0.1,0.1,0.03,0.9,0.9
444,Moussa Djitte,sn SEN,FW,Ajaccio,22,1999,1.5,0,2,0,0,1.32,0,0,,23.3,0,0,0,0.1,0.1,0.07,-0.1,-0.1
445,Kyliane Dong,fr FRA,"MF,FW",Troyes,17,2004,2.4,0,2,0,0,0.85,0,0,,20.7,0,0,0,0.1,0.1,0.07,-0.1,-0.1
446,Lohann Doucet,fr FRA,"MF,FW",Nantes,19,2002,1,0,1,1,100,0.99,0.99,0,0,16.2,0,0,0,0.1,0.1,0.05,-0.1,-0.1
447,Rémy Dugimont,fr FRA,"FW,MF",Auxerre,36,1986,1.3,0,4,1,25,3.19,0.8,0,0,27.6,0,0,0,0.1,0.1,0.03,-0.1,-0.1
448,Karol Fila,pl POL,DF,Strasbourg,24,1998,0.5,0,1,0,0,1.91,0,0,,20.7,0,0,0,0.1,0.1,0.07,-0.1,-0.1
449,Thomas Foket,be BEL,DF,Reims,27,1994,22,0,2,1,50,0.09,0.05,0,0,11.7,0,0,0,0.1,0.1,0.07,-0.1,-0.1
450,Faouzi Ghoulam,dz ALG,DF,Angers,31,1991,5.3,0,1,0,0,0.19,0,0,,24.4,0,0,0,0.1,0.1,0.07,-0.1,-0.1
451,Serhou Guirassy,gn GUI,MF,Rennes,26,1996,0.3,0,2,1,50,7.83,3.91,0,0,10.5,0,0,0,0.1,0.1,0.06,-0.1,-0.1
452,Ben Hamed Touré,ci CIV,FW,Ajaccio,18,2003,2.3,0,2,0,0,0.86,0,0,,28.5,0,0,0,0.1,0.1,0.04,-0.1,-0.1
453,Christophe Hérelle,mq MTQ,DF,Brest,29,1992,11.8,0,3,0,0,0.25,0,0,,16.4,0,0,0,0.1,0.1,0.04,-0.1,-0.1
454,Bonke Innocent,ng NGA,MF,Lorient,26,1996,13.1,0,4,0,0,0.3,0,0,,26.3,0,0,0,0.1,0.1,0.03,-0.1,-0.1
455,Marin Jakoliš,hr CRO,FW,Angers,25,1996,0.3,0,2,1,50,6.43,3.21,0,0,12.7,0,0,0,0.1,0.1,0.06,-0.1,-0.1
456,Paul Joly,fr FRA,DF,Auxerre,22,2000,9.6,0,7,0,0,0.73,0,0,,23.5,0,0,0,0.1,0.1,0.02,-0.1,-0.1
457,Abdoul Kader Bamba,fr FRA,"FW,MF",Nantes,28,1994,0.9,0,1,1,100,1.15,1.15,0,0,19.3,0,0,0,0.1,0.1,0.09,-0.1,-0.1
458,Justin-Noël Kalumba,fr FRA,DF,Angers,17,2004,6.1,0,2,0,0,0.33,0,0,,24.4,0,0,0,0.1,0.1,0.03,-0.1,-0.1
459,Félix Lemaréchal,fr FRA,MF,Brest,18,2003,3.2,0,2,0,0,0.62,0,0,,22.6,0,0,0,0.1,0.1,0.04,-0.1,-0.1
460,Jean-Victor Makengo,fr FRA,MF,Lorient,24,1998,11.8,0,5,2,40,0.42,0.17,0,0,26.9,0,0,0,0.1,0.1,0.03,-0.1,-0.1
461,Jonas Martin,fr FRA,MF,Lille,32,1990,3.1,0,1,0,0,0.32,0,0,,7.6,0,0,0,0.1,0.1,0.12,-0.1,-0.1
462,Chrislain Matsima,fr FRA,"DF,MF",Lorient,20,2002,2.5,0,1,0,0,0.4,0,0,,10.5,0,0,0,0.1,0.1,0.06,-0.1,-0.1
463,Nathanael Mbuku,fr FRA,"FW,MF",Reims,20,2002,0.7,0,2,0,0,2.73,0,0,,21,0,0,0,0.1,0.1,0.04,-0.1,-0.1
464,Gideon Mensah,gh GHA,DF,Auxerre,24,1998,25.1,0,5,1,20,0.2,0.04,0,0,25.3,0,0,0,0.1,0.1,0.01,-0.1,-0.1
465,Arkadiusz Milik,pl POL,FW,Marseille,28,1994,1.4,0,1,0,0,0.7,0,0,,7.8,0,0,0,0.1,0.1,0.14,-0.1,-0.1
466,Alidu Seidu,gh GHA,DF,Clermont Foot,22,2000,27.3,0,6,2,33.3,0.22,0.07,0,0,32.6,0,0,0,0.1,0.1,0.02,-0.1,-0.1
467,Naatan Skyttä,fi FIN,MF,Toulouse,20,2002,0.3,0,1,0,0,3.91,0,0,,15.5,0,0,0,0.1,0.1,0.1,-0.1,-0.1
468,Eduard Sobol,ua UKR,DF,Strasbourg,27,1995,9.7,0,5,0,0,0.52,0,0,,26.6,0,0,0,0.1,0.1,0.02,-0.1,-0.1
469,Arnaud Souquet,fr FRA,"DF,FW",Montpellier,30,1992,4,0,1,0,0,0.25,0,0,,20.7,0,0,0,0.1,0.1,0.06,-0.1,-0.1
470,Gabriel Suazo,cl CHI,DF,Toulouse,24,1997,14,0,2,0,0,0.14,0,0,,17.8,0,0,0,0.1,0.1,0.07,-0.1,-0.1
471,Yuito Suzuki,jp JPN,"FW,MF",Strasbourg,20,2001,0.4,1,2,1,50,5,2.5,0.5,1,13,0,0,0,0.1,0.1,0.07,0.9,0.9
472,João Victor,br BRA,DF,Nantes,24,1998,9.4,0,2,0,0,0.21,0,0,,15.7,0,0,0,0.1,0.1,0.06,-0.1,-0.1
473,Mattia Viti,it ITA,DF,Nice,20,2002,7,1,2,1,50,0.28,0.14,0.5,1,7.8,0,0,0,0.1,0.1,0.05,0.9,0.9
474,Xeka,pt POR,MF,Rennes,27,1994,6.1,0,5,0,0,0.82,0,0,,22.8,0,0,0,0.1,0.1,0.02,-0.1,-0.1
475,Leny Yoro,fr FRA,DF,Lille,16,2005,8.5,0,2,0,0,0.23,0,0,,15.9,0,0,0,0.1,0.1,0.05,-0.1,-0.1
476,Amar Ahmed,se SWE,FW,Troyes,18,2004,0.2,0,0,0,,0,0,,,,0,0,0,0,0,,0,0
477,Doğan Alemdar,tr TUR,GK,Rennes,19,2002,4.5,0,0,0,,0,0,,,,0,0,0,0,0,,0,0
478,Ayoub Amraoui,ma MAR,"DF,FW",Nice,18,2004,3.3,0,1,0,0,0.31,0,0,,20.4,0,0,0,0,0,0.01,0,0
479,Mohamed El Arouch,fr FRA,MF,Lyon,18,2004,0,0,0,0,,0,0,,,,0,0,0,0,0,,0,0
480,Valentin Atangana Edoa,fr FRA,MF,Reims,16,2005,1.9,0,1,0,0,0.52,0,0,,15.5,0,0,0,0,0,0.04,0,0
481,Dénys Bain,fr FRA,DF,Auxerre,29,1993,1.4,0,0,0,,0,0,,,,0,0,0,0,0,,0,0
482,Brandon Baiye,be BEL,MF,Clermont Foot,21,2000,0.6,0,0,0,,0,0,,,,0,0,0,0,0,,0,0
483,Cédric Bakambu,cd COD,MF,Marseille,31,1991,0.7,0,0,0,,0,0,,,,0,0,0,0,0,,0,0
484,Abdoulaye Bamba,ci CIV,DF,Angers,32,1990,15.2,0,0,0,,0,0,,,,0,0,0,0,0,,0,0
485,Yanis Begraoui,ma MAR,"FW,MF",Toulouse,21,2001,0.7,0,0,0,,0,0,,,,0,0,0,0,0,,0,0
486,Jeanöel Belocian,fr FRA,DF,Rennes,17,2005,5.6,0,1,0,0,0.18,0,0,,19.3,0,0,0,0,0,0.03,0,0
487,Salim Ben Seghir,fr FRA,MF,Marseille,19,2003,0,0,0,0,,0,0,,,,0,0,0,0,0,,0,0
488,Patrick Berg,no NOR,"MF,FW",Lens,24,1997,0.3,0,0,0,,0,0,,,,0,0,0,0,0,,0,0
489,Quentin Bernard,fr FRA,DF,Auxerre,33,1989,7,0,0,0,,0,0,,,,0,0,0,0,0,,0,0
490,Paul Bernardoni,fr FRA,GK,Angers,25,1997,27,0,0,0,,0,0,,,,0,0,0,0,0,,0,0
491,Jason Berthomier,fr FRA,MF,Clermont Foot,32,1990,0.3,0,0,0,,0,0,,,,0,0,0,0,0,,0,0
492,El Bilal Touré,ml MLI,FW,Reims,20,2001,1,0,1,1,100,0.99,0.99,0,0,26.1,0,0,0,0,0,0.03,0,0
493,Jean-Claude Billong,cm CMR,MF,Clermont Foot,28,1993,0.3,0,0,0,,0,0,,,,0,0,0,0,0,,0,0
494,Marco Bizot,nl NED,GK,Brest,31,1991,37,0,0,0,,0,0,,,,0,0,0,0,0,,0,0
495,Rubén Blanco,es ESP,GK,Marseille,27,1995,5.5,0,0,0,,0,0,,,,0,0,0,0,0,,0,0
496,Joaquín Blázquez,ar ARG,GK,Brest,21,2001,1,0,0,0,,0,0,,,,0,0,0,0,0,,0,0
497,Jérôme Boateng,de GER,DF,Lyon,33,1988,4.8,0,0,0,,0,0,,,,0,0,0,0,0,,0,0
498,Franci Bouebari,fr FRA,DF,Strasbourg,18,2003,0.8,0,0,0,,0,0,,,,0,0,0,0,0,,0,0
499,Joe Bryan,eng ENG,"MF,DF",Nice,28,1993,2,0,1,0,0,0.51,0,0,,18.9,0,0,0,0,0,0.03,0,0
500,Adam Buksa,pl POL,"FW,MF",Lens,26,1996,1.1,0,0,0,,0,0,,,,0,0,0,0,0,,0,0
501,Marcin Bułka,pl POL,GK,Nice,22,1999,2,0,0,0,,0,0,,,,0,0,0,0,0,,0,0
502,Duje Ćaleta-Car,hr CRO,DF,Marseille,25,1996,0.1,0,0,0,,0,0,,,,0,0,0,0,0,,0,0
503,Matis Carvalho,pt POR,GK,Montpellier,23,1999,1.5,0,0,0,,0,0,,,,0,0,0,0,0,,0,0
504,El Chadaille Bitshiabu,fr FRA,DF,Paris S-G,17,2005,6.5,0,0,0,,0,0,,,,0,0,0,0,0,,0,0
505,Ivane Chegra,fr FRA,"MF,FW",Ajaccio,18,2004,2.1,0,1,0,0,0.47,0,0,,20.4,0,0,0,0,0,0.03,0,0
506,Ilyes Cheti,dz ALG,DF,Angers,27,1995,2.3,0,0,0,,0,0,,,,0,0,0,0,0,,0,0
507,Lucas Chevalier,fr FRA,GK,Lille,20,2001,32,0,0,0,,0,0,,,,0,0,0,0,0,,0,0
508,Souleymane Cissé,fr FRA,DF,Clermont Foot,19,2002,0.4,0,1,0,0,2.5,0,0,,13.9,0,0,0,0,0,0.04,0,0
509,Benoît Costil,fr FRA,GK,Auxerre,35,1987,19,0,0,0,,0,0,,,,0,0,0,0,0,,0,0
510,Andréa Dacourt,fr FRA,MF,Nice,17,2005,0,0,0,0,,0,0,,,,0,0,0,0,0,,0,0
511,Flavius Daniliuc,at AUT,DF,Nice,21,2001,1,0,0,0,,0,0,,,,0,0,0,0,0,,0,0
512,Kévin Danois,fr FRA,MF,Auxerre,18,2004,0,0,0,0,,0,0,,,,0,0,0,0,0,,0,0
513,Thibault De Smet,be BEL,DF,Reims,24,1998,19.5,0,0,0,,0,0,,,,0,0,0,0,0,,0,0
514,Rémy Descamps,fr FRA,GK,Nantes,26,1996,1,0,0,0,,0,0,,,,0,0,0,0,0,,0,0
515,Mamadou Diakhon,fr FRA,FW,Reims,16,2005,0.2,0,1,0,0,4.29,0,0,,18.9,0,0,0,0,0,0.03,0,0
516,Baila Diallo,fr FRA,"DF,MF",Clermont Foot,21,2001,1,0,1,0,0,1.01,0,0,,31.4,0,0,0,0,0,0.02,0,0
517,Mory Diaw,sn SEN,GK,Clermont Foot,29,1993,37,0,0,0,,0,0,,,,0,0,0,0,0,,0,0
518,Yehvann Diouf,fr FRA,GK,Reims,22,1999,31,0,0,0,,0,0,,,,0,0,0,0,0,,0,0
519,Ouparine Djoco,gw GNB,GK,Clermont Foot,24,1998,1,0,0,0,,0,0,,,,0,0,0,0,0,,0,0
520,Alan Do Marcolino,ga GAB,FW,Rennes,20,2002,0.2,0,0,0,,0,0,,,,0,0,0,0,0,,0,0
521,Jordan Dongmo,cm CMR,MF,Troyes,21,2001,0.2,0,0,0,,0,0,,,,0,0,0,0,0,,0,0
522,Gianluigi Donnarumma,it ITA,GK,Paris S-G,23,1999,37.9,0,0,0,,0,0,,,,0,0,0,0,0,,0,0
523,Guela Doué,fr FRA,"FW,MF",Rennes,19,2002,0.1,0,1,0,0,7.5,0,0,,31.4,0,0,0,0,0,0.03,0,0
524,Maxime Dupé,fr FRA,GK,Toulouse,29,1993,38,0,1,0,0,0.03,0,0,,13.4,0,0,0,0,0,0.04,0,0
525,Wout Faes,be BEL,DF,Reims,24,1998,3,0,0,0,,0,0,,,,0,0,0,0,0,,0,0
526,Fallou Fall,sn SEN,DF,Reims,18,2004,0.4,0,0,0,,0,0,,,,0,0,0,0,0,,0,0
527,Cheikh Faye,sn SEN,FW,Montpellier,23,1999,0.4,0,0,0,,0,0,,,,0,0,0,0,0,,0,0
528,Yahia Fofana,ci CIV,GK,Angers,21,2000,11,0,0,0,,0,0,,,,0,0,0,0,0,,0,0
529,Steven Fortes,cv CPV,DF,Lens,30,1992,0.1,0,0,0,,0,0,,,,0,0,0,0,0,,0,0
530,Gauthier Gallon,fr FRA,GK,Troyes,29,1993,29.6,0,0,0,,0,0,,,,0,0,0,0,0,,0,0
531,Ignatius Ganago,cm CMR,FW,Lens,23,1999,0.7,0,1,0,0,1.53,0,0,,23.1,0,0,0,0,0,0.05,0,0
532,Axel Gueguin,fr FRA,"FW,MF",Montpellier,17,2005,0.3,0,0,0,,0,0,,,,0,0,0,0,0,,0,0
533,Rafik Guitane,fr FRA,FW,Reims,23,1999,0,0,0,0,,0,0,,,,0,0,0,0,0,,0,0
534,Mathis Hamdi,fr FRA,DF,Troyes,18,2003,0.8,0,0,0,,0,0,,,,0,0,0,0,0,,0,0
535,Saïd Hamulic,ba BIH,FW,Toulouse,21,2000,1.2,0,1,0,0,0.87,0,0,,23.7,0,0,0,0,0,0.04,0,0
536,Henrique,br BRA,"DF,FW",Lyon,28,1994,4,0,1,0,0,0.25,0,0,,27.6,0,0,0,0,0,0.03,0,0
537,Ilyes Housni,fr FRA,FW,Paris S-G,17,2005,0.1,0,0,0,,0,0,,,,0,0,0,0,0,,0,0
538,Léo Jardim,br BRA,GK,Lille,27,1995,6,0,0,0,,0,0,,,,0,0,0,0,0,,0,0
539,Dany Jean,ht HAI,"DF,MF",Strasbourg,19,2002,0.1,0,0,0,,0,0,,,,0,0,0,0,0,,0,0
540,Eli Junior Kroupi,fr FRA,"FW,MF",Lorient,16,2006,0.1,0,0,0,,0,0,,,,0,0,0,0,0,,0,0
541,Gaël Kakuta,cd COD,FW,Lens,31,1991,0.2,0,1,0,0,4.09,0,0,,29.8,0,0,0,0,0,0.05,0,0
542,Bingourou Kamara,sn SEN,GK,Montpellier,25,1996,4.5,0,0,0,,0,0,,,,0,0,0,0,0,,0,0
543,Kévin Keben Biakolo,cm CMR,DF,Toulouse,18,2004,4,0,1,0,0,0.25,0,0,,18.2,0,0,0,0,0,0.04,0,0
544,Anthony Khelifa,fr FRA,DF,Ajaccio,16,2005,0.1,0,0,0,,0,0,,,,0,0,0,0,0,,0,0
545,Samuel Koeberlé,fr FRA,MF,Reims,17,2004,0,0,0,0,,0,0,,,,0,0,0,0,0,,0,0
546,Rudy Kohon,fr FRA,DF,Troyes,18,2004,0.7,0,0,0,,0,0,,,,0,0,0,0,0,,0,0
547,Youssouf Koné,ml MLI,DF,Ajaccio,27,1995,10.2,0,1,1,100,0.1,0.1,0,0,27.6,0,0,0,0,0,0.04,0,0
548,Alban Lafont,fr FRA,GK,Nantes,23,1999,37,0,0,0,,0,0,,,,0,0,0,0,0,,0,0
549,Paolo Lebas,pt POR,MF,Ajaccio,19,2003,0.6,0,0,0,,0,0,,,,0,0,0,0,0,,0,0
550,Jean-Louis Leca,fr FRA,GK,Lens,36,1985,1,0,0,0,,0,0,,,,0,0,0,0,0,,0,0
551,Benjamin Lecomte,fr FRA,GK,Montpellier,31,1991,19,0,0,0,,0,0,,,,0,0,0,0,0,,0,0
552,Donovan Léon,gf GUF,GK,Auxerre,29,1992,2,0,0,0,,0,0,,,,0,0,0,0,0,,0,0
553,Benjamin Leroy,fr FRA,GK,Ajaccio,33,1989,31.1,0,0,0,,0,0,,,,0,0,0,0,0,,0,0
554,Alexandre Letellier,fr FRA,GK,Paris S-G,31,1990,0.1,0,0,0,,0,0,,,,0,0,0,0,0,,0,0
555,Mateusz Lis,pl POL,GK,Troyes,25,1997,8.3,0,0,0,,0,0,,,,0,0,0,0,0,,0,0
556,Bradley Locko,fr FRA,DF,Brest,20,2002,3,0,0,0,,0,0,,,,0,0,0,0,0,,0,0
557,Anthony Lopes,pt POR,GK,Lyon,31,1990,31.3,0,0,0,,0,0,,,,0,0,0,0,0,,0,0
558,Pau López,es ESP,GK,Marseille,27,1994,32.5,0,0,0,,0,0,,,,0,0,0,0,0,,0,0
559,Soungoutou Magassa,fr FRA,MF,Monaco,18,2003,0.9,0,0,0,,0,0,,,,0,0,0,0,0,,0,0
560,Hianga Mananga Mbock,fr FRA,MF,Brest,22,1999,0.2,0,0,0,,0,0,,,,0,0,0,0,0,,0,0
561,Steve Mandanda,fr FRA,GK,Rennes,37,1985,33.5,0,0,0,,0,0,,,,0,0,0,0,0,,0,0
562,Vito Mannone,it ITA,GK,Lorient,34,1988,17.9,0,0,0,,0,0,,,,0,0,0,0,0,,0,0
563,Yanis Massolin,fr FRA,MF,Clermont Foot,19,2002,0.7,0,1,0,0,1.5,0,0,,21.4,0,0,0,0,0,0.05,0,0
564,Christian Mawissa,fr FRA,DF,Toulouse,17,2005,1.1,0,0,0,,0,0,,,,0,0,0,0,0,,0,0
565,Derek Mazou-Sacko,fr FRA,MF,Troyes,17,2004,0.2,0,0,0,,0,0,,,,0,0,0,0,0,,0,0
566,Jason Mbock,fr FRA,"MF,FW",Angers,22,1999,0.3,0,0,0,,0,0,,,,0,0,0,0,0,,0,0
567,Birger Meling,no NOR,DF,Rennes,27,1994,13.4,0,0,0,,0,0,,,,0,0,0,0,0,,0,0
568,Pedro Mendes,pt POR,DF,Montpellier,31,1990,0.1,0,0,0,,0,0,,,,0,0,0,0,0,,0,0
569,Arial Mendy,sn SEN,DF,Clermont Foot,27,1994,2.5,0,2,0,0,0.81,0,0,,20.6,0,0,0,0,0,0.02,0,0
570,Amine Messoussa,fr FRA,FW,Lille,17,2004,0,0,0,0,,0,0,,,,0,0,0,0,0,,0,0
571,Marlos Moreno,co COL,"MF,DF",Troyes,25,1996,0.1,0,0,0,,0,0,,,,0,0,0,0,0,,0,0
572,François Mughe,cm CMR,MF,Marseille,18,2004,0.1,0,0,0,,0,0,,,,0,0,0,0,0,,0,0
573,Yvon Mvogo,ch SUI,GK,Lorient,28,1994,20.1,0,0,0,,0,0,,,,0,0,0,0,0,,0,0
574,Nathan N'Goumou,fr FRA,FW,Toulouse,22,2000,1,0,0,0,,0,0,,,,0,0,0,0,0,,0,0
575,Alexander Nübel,de GER,GK,Monaco,25,1996,38,0,0,0,,0,0,,,,0,0,0,0,0,,0,0
576,Jonas Omlin,ch SUI,GK,Montpellier,28,1994,13,0,0,0,,0,0,,,,0,0,0,0,0,,0,0
577,Leandro Paredes,ar ARG,MF,Paris S-G,28,1994,0.6,0,0,0,,0,0,,,,0,0,0,0,0,,0,0
578,Théo Pellenard,fr FRA,DF,Auxerre,28,1994,1.1,0,1,0,0,0.91,0,0,,11.5,0,0,0,0,0,0.03,0,0
579,Patrick Pentz,at AUT,GK,Reims,25,1997,7,0,0,0,,0,0,,,,0,0,0,0,0,,0,0
580,Brayann Pereira,fr FRA,DF,Auxerre,19,2003,2,0,0,0,,0,0,,,,0,0,0,0,0,,0,0
581,Mehdi Puch Herrantz,fr FRA,MF,Ajaccio,18,2004,0.5,0,0,0,,0,0,,,,0,0,0,0,0,,0,0
582,Ghjuvanni Quilichini,fr FRA,GK,Ajaccio,19,2002,0.9,0,0,0,,0,0,,,,0,0,0,0,0,,0,0
583,Ionuț Radu,ro ROU,GK,Auxerre,25,1997,17,0,0,0,,0,0,,,,0,0,0,0,0,,0,0
584,Simon Ramet,fr FRA,DF,Lille,19,2003,0,0,0,0,,0,0,,,,0,0,0,0,0,,0,0
585,Rémy Riou,fr FRA,GK,Lyon,34,1987,6.7,0,0,0,,0,0,,,,0,0,0,0,0,,0,0
586,Kays Ruiz,ma MAR,MF,Auxerre,19,2002,0.7,0,0,0,,0,0,,,,0,0,0,0,0,,0,0
587,Brice Samba,fr FRA,GK,Lens,28,1994,37,0,0,0,,0,0,,,,0,0,0,0,0,,0,0
588,Malang Sarr,fr FRA,DF,Monaco,23,1999,8,0,1,0,0,0.13,0,0,,12.5,0,0,0,0,0,0.02,0,0
589,Mamadou Sarr,fr FRA,MF,Lyon,16,2005,0.1,0,0,0,,0,0,,,,0,0,0,0,0,,0,0
590,Kasper Schmeichel,dk DEN,GK,Nice,35,1986,36,0,0,0,,0,0,,,,0,0,0,0,0,,0,0
591,Matz Sels,be BEL,GK,Strasbourg,30,1992,38,0,0,0,,0,0,,,,0,0,0,0,0,,0,0
592,Marvin Senaya,tg TOG,DF,Strasbourg,21,2001,0.1,0,0,0,,0,0,,,,0,0,0,0,0,,0,0
593,François-Joseph Sollacaro,fr FRA,GK,Ajaccio,28,1994,6,0,0,0,,0,0,,,,0,0,0,0,0,,0,0
594,Tony Strata,fr FRA,"MF,DF",Ajaccio,17,2004,1.5,0,0,0,,0,0,,,,0,0,0,0,0,,0,0
595,Thibault Tamas,fr FRA,DF,Montpellier,21,2001,0.1,0,0,0,,0,0,,,,0,0,0,0,0,,0,0
596,Alexis Tibidi,fr FRA,"FW,MF",Troyes,18,2003,0.8,0,0,0,,0,0,,,,0,0,0,0,0,,0,0
597,Mohamed Toure,au AUS,"FW,MF",Reims,18,2004,0.3,0,0,0,,0,0,,,,0,0,0,0,0,,0,0
598,Souleymane Touré,fr FRA,DF,Marseille,19,2003,0.8,0,0,0,,0,0,,,,0,0,0,0,0,,0,0
599,Charles Traore,ml MLI,DF,Nantes,30,1992,5.4,0,0,0,,0,0,,,,0,0,0,0,0,,0,0
600,Théo Trinker,fr FRA,MF,Nice,21,2001,0,0,0,0,,0,0,,,,0,0,0,0,0,,0,0
601,Theocharis Tsingaras,gr GRE,MF,Toulouse,21,2000,0.1,0,0,0,,0,0,,,,0,0,0,0,0,,0,0
602,Jere Uronen,fi FIN,DF,Brest,28,1994,3.3,0,1,0,0,0.3,0,0,,29.8,0,0,0,0,0,0.03,0,0
603,Christopher Wooh,cm CMR,MF,Lens,20,2001,0,0,0,0,,0,0,,,,0,0,0,0,0,,0,0
604,Oliver Zandén,se SWE,"DF,MF",Toulouse,20,2001,1.6,0,2,1,50,1.23,0.62,0,0,17.6,0,0,0,0,0,0.01,0,0
605,Nathan Zeze,fr FRA,DF,Nantes,17,2005,0.7,0,0,0,,0,0,,,,0,0,0,0,0,,0,0
606,Tanguy Zoukrou,fr FRA,DF,Troyes,19,2003,5.7,0,0,0,,0,0,,,,0,0,0,0,0,,0,0